EC:2.4.1 ! transferases, glycosyltransferases, hexosyltransferases	GO:0000009 ! alpha-1,6-mannosyltransferase activity	1
	GO:0052824 ! dolichyl-pyrophosphate Man7GlcNAc2 alpha-1,6-mannosyltransferase activity	
EC:2.4.1 ! transferases, glycosyltransferases, hexosyltransferases	GO:0000030 ! mannosyltransferase activity	5
	GO:0000009 ! alpha-1,6-mannosyltransferase activity	
	GO:0000026 ! alpha-1,2-mannosyltransferase activity	
	GO:0000033 ! alpha-1,3-mannosyltransferase activity	
	GO:0004376 ! glycolipid mannosyltransferase activity	
	GO:0019187 ! beta-1,4-mannosyltransferase activity	
MetaCyc:GABATRANSAM-RXN	GO:0003867 ! 4-aminobutyrate transaminase activity	1
	GO:0034386 ! 4-aminobutyrate:2-oxoglutarate transaminase activity	
EC:2.1.1 ! transferases, transferring one-carbon groups, methyltransferases	GO:0003880 ! protein C-terminal carboxyl O-methyltransferase activity	1
	GO:0018423 ! protein C-terminal leucine carboxyl O-methyltransferase activity	
EC:3.2.2.21 ! DNA-3-methyladenine glycosylase II. activity	GO:0003905 ! alkylbase DNA N-glycosylase activity	2
	GO:0043916 ! DNA-7-methylguanine glycosylase activity	
	GO:0052821 ! DNA-7-methyladenine glycosylase activity	
MetaCyc:3.2.2.21-RXN	GO:0003905 ! alkylbase DNA N-glycosylase activity	2
	GO:0043916 ! DNA-7-methylguanine glycosylase activity	
	GO:0052821 ! DNA-7-methyladenine glycosylase activity	
MetaCyc:DEOXYRIBODIPYRIMIDINE-PHOTOLYASE-RXN	GO:0003913 ! DNA photolyase activity	1
	GO:0003904 ! deoxyribodipyrimidine photo-lyase activity	
MetaCyc:5.99.1.2-RXN	GO:0003916 ! DNA topoisomerase activity	1
	GO:0003917 ! DNA topoisomerase type I activity	
EC:3.5.4 ! hydrolases, acting on carbon-nitrogen bonds, other than peptide bonds, in cyclic amidines	GO:0003933 ! GTP cyclohydrolase activity	1
	GO:0044682 ! archaeal-specific GTP cyclohydrolase activity	
EC:1.1.3.15 ! (S)-2-hydroxy-acid oxidase. activity	GO:0003973 ! (S)-2-hydroxy-acid oxidase activity	3
	GO:0052852 ! very-long-chain-(S)-2-hydroxy-acid oxidase activity	
	GO:0052853 ! long-chain-(S)-2-hydroxy-long-chain-acid oxidase activity	
	GO:0052854 ! medium-chain-(S)-2-hydroxy-acid oxidase activity	
EC:2.6.1.42 ! Branched-chain-amino-acid transaminase. activity	GO:0004084 ! branched-chain-amino-acid transaminase activity	3
	GO:0052654 ! L-leucine transaminase activity	
	GO:0052655 ! L-valine transaminase activity	
	GO:0052656 ! L-isoleucine transaminase activity	
EC:3.4.23	GO:0004190 ! aspartic-type endopeptidase activity	1
	GO:0042500 ! aspartic endopeptidase activity, intramembrane cleaving	
EC:3.2.1.18 ! Exo-alpha-sialidase. activity	GO:0004308 ! exo-alpha-sialidase activity	3
	GO:0052794 ! exo-alpha-(2->3)-sialidase activity	
	GO:0052795 ! exo-alpha-(2->6)-sialidase activity	
	GO:0052796 ! exo-alpha-(2->8)-sialidase activity	
EC:1.1.5.3 ! Glycerol-3-phosphate dehydrogenase. activity	GO:0004368 ! glycerol-3-phosphate dehydrogenase activity	1
	GO:0052590 ! sn-glycerol-3-phosphate:ubiquinone oxidoreductase activity	
Reactome:REACT_110845	GO:0004386 ! helicase activity	1
	GO:0003724 ! RNA helicase activity	
Reactome:REACT_112817	GO:0004386 ! helicase activity	1
	GO:0003724 ! RNA helicase activity	
Reactome:REACT_1521	GO:0004386 ! helicase activity	1
	GO:0003724 ! RNA helicase activity	
Reactome:REACT_31034	GO:0004386 ! helicase activity	1
	GO:0003724 ! RNA helicase activity	
Reactome:REACT_84574	GO:0004386 ! helicase activity	1
	GO:0003724 ! RNA helicase activity	
Reactome:REACT_85111	GO:0004386 ! helicase activity	1
	GO:0003724 ! RNA helicase activity	
Reactome:REACT_98745	GO:0004386 ! helicase activity	1
	GO:0003724 ! RNA helicase activity	
EC:3.1.3.62 ! Multiple inositol-polyphosphate phosphatase. activity	GO:0004446 ! inositol-hexakisphosphate phosphatase activity	1
	GO:0052826 ! inositol hexakisphosphate 2-phosphatase activity	
MetaCyc:ISOCITDEH-RXN	GO:0004448 ! isocitrate dehydrogenase activity	1
	GO:0004450 ! isocitrate dehydrogenase (NADP+) activity	
EC:3.6.1.9 ! Nucleotide diphosphatase. activity	GO:0004551 ! nucleotide diphosphatase activity	1
	GO:0035529 ! NADH pyrophosphatase activity	
EC:3.2.1 ! hydrolases, glycosylases, glycosidases, i.e. enzymes hydrolyzing o- and s-glycosyl compounds	GO:0004553 ! hydrolase activity, hydrolyzing O-glycosyl compounds	9
	GO:0015923 ! mannosidase activity	
	GO:0015925 ! galactosidase activity	
	GO:0015926 ! glucosidase activity	
	GO:0015927 ! trehalase activity	
	GO:0015928 ! fucosidase activity	
	GO:0015929 ! hexosaminidase activity	
	GO:0016160 ! amylase activity	
	GO:0052736 ! beta-glucanase activity	
	GO:0052769 ! beta-6-sulfate-N-acetylglucosaminidase activity	
EC:3.2.1.22 ! Alpha-galactosidase. activity	GO:0004557 ! alpha-galactosidase activity	1
	GO:0052692 ! raffinose alpha-galactosidase activity	
EC:3.2.1.26 ! Beta-fructofuranosidase. activity	GO:0004564 ! beta-fructofuranosidase activity	1
	GO:0004575 ! sucrose alpha-glucosidase activity	
MetaCyc:PHOSPHOLIPASE-C-RXN	GO:0004629 ! phospholipase C activity	1
	GO:0034480 ! phosphatidylcholine phospholipase C activity	
EC:2.5.1 ! transferases, transferring alkyl or aryl groups, other than methyl groups, transferring alkyl or aryl groups, other than methyl groups	GO:0004659 ! prenyltransferase activity	1
	GO:0008318 ! protein prenyltransferase activity	
MetaCyc:GPPSYN-RXN	GO:0004659 ! prenyltransferase activity	1
	GO:0004161 ! dimethylallyltranstransferase activity	
EC:2.7.11	GO:0004674 ! protein serine/threonine kinase activity	9
	GO:0004675 ! transmembrane receptor protein serine/threonine kinase activity	
	GO:0004676 ! 3-phosphoinositide-dependent protein kinase activity	
	GO:0004677 ! DNA-dependent protein kinase activity	
	GO:0004679 ! AMP-activated protein kinase activity	
	GO:0004690 ! cyclic nucleotide-dependent protein kinase activity	
	GO:0004694 ! eukaryotic translation initiation factor 2alpha kinase activity	
	GO:0004702 ! signal transducer, downstream of receptor, with serine/threonine kinase activity	
	GO:0004711 ! ribosomal protein S6 kinase activity	
	GO:0034211 ! GTP-dependent protein kinase activity	
EC:2.7.11	GO:0004702 ! signal transducer, downstream of receptor, with serine/threonine kinase activity	3
	GO:0004704 ! NF-kappaB-inducing kinase activity	
	GO:0004709 ! MAP kinase kinase kinase activity	
	GO:0008349 ! MAP kinase kinase kinase kinase activity	
EC:2.7.11	GO:0004708 ! MAP kinase kinase activity	1
	GO:0008545 ! JUN kinase kinase activity	
EC:2.7.11	GO:0004709 ! MAP kinase kinase kinase activity	1
	GO:0004706 ! JUN kinase kinase kinase activity	
EC:2.7.10	GO:0004713 ! protein tyrosine kinase activity	1
	GO:0004716 ! signal transducer, downstream of receptor, with protein tyrosine kinase activity	
EC:2.3.1 ! transferases, acyltransferases, transferring groups other than amino-acyl groups	GO:0004772 ! sterol O-acyltransferase activity	2
	GO:0034737 ! ergosterol O-acyltransferase activity	
	GO:0034738 ! lanosterol O-acyltransferase activity	
EC:6.1.1 ! ligases, forming carbon-oxygen bonds, ligases forming aminoacyl-trna and related compounds	GO:0004812 ! aminoacyl-tRNA ligase activity	2
	GO:0043767 ! pyrrolysyl-tRNA synthetase activity	
	GO:0043816 ! phosphoserine-tRNA(Cys) ligase activity	
EC:3.2.2 ! hydrolases, glycosylases, hydrolyzing n-glycosyl compounds	GO:0004844 ! uracil DNA N-glycosylase activity	1
	GO:0017065 ! single-strand selective uracil DNA N-glycosylase activity	
Reactome:REACT_15541	GO:0005515 ! protein binding	1
	GO:0000149 ! SNARE binding	
EC:2.3.1 ! transferases, acyltransferases, transferring groups other than amino-acyl groups	GO:0008080 ! N-acetyltransferase activity	4
	GO:0043741 ! L-2-aminoadipate N-acetyltransferase activity	
	GO:0046941 ! azetidine-2-carboxylic acid acetyltransferase activity	
	GO:0052858 ! peptidyl-lysine acetyltransferase activity	
	GO:0090595 ! acetyl-CoA:L-lysine N6-acetyltransferase	
EC:3.1.4 ! hydrolases, acting on ester bonds, phosphoric diester hydrolases	GO:0008081 ! phosphoric diester hydrolase activity	2
	GO:0004112 ! cyclic-nucleotide phosphodiesterase activity	
	GO:0044688 ! 7,8-dihydro-D-neopterin 2',3'-cyclic phosphate phosphodiesterase activity	
EC:3.1.3 ! hydrolases, acting on ester bonds, phosphoric monoester hydrolases	GO:0008138 ! protein tyrosine/serine/threonine phosphatase activity	2
	GO:0008579 ! JUN kinase phosphatase activity	
	GO:0017017 ! MAP kinase tyrosine/serine/threonine phosphatase activity	
EC:2.8.2 ! transferases, transferring sulfur-containing groups, sulfotransferases	GO:0008146 ! sulfotransferase activity	10
	GO:0001517 ! N-acetylglucosamine 6-O-sulfotransferase activity	
	GO:0001537 ! N-acetylgalactosamine 4-O-sulfotransferase activity	
	GO:0016232 ! HNK-1 sulfotransferase activity	
	GO:0018721 ! trans-9R,10R-dihydrodiolphenanthrene sulfotransferase activity	
	GO:0018725 ! trans-3,4-dihydrodiolphenanthrene sulfotransferase activity	
	GO:0019111 ! phenanthrol sulfotransferase activity	
	GO:0034930 ! 1-hydroxypyrene sulfotransferase activity	
	GO:0050694 ! galactose 3-O-sulfotransferase activity	
	GO:0050698 ! proteoglycan sulfotransferase activity	
	GO:0080131 ! hydroxyjasmonate sulfotransferase activity	
EC:2.1.1 ! transferases, transferring one-carbon groups, methyltransferases	GO:0008168 ! methyltransferase activity	25
	GO:0008169 ! C-methyltransferase activity	
	GO:0008170 ! N-methyltransferase activity	
	GO:0008171 ! O-methyltransferase activity	
	GO:0008172 ! S-methyltransferase activity	
	GO:0008173 ! RNA methyltransferase activity	
	GO:0008276 ! protein methyltransferase activity	
	GO:0009008 ! DNA-methyltransferase activity	
	GO:0018707 ! 1-phenanthrol methyltransferase activity	
	GO:0034541 ! dimethylarsinite methyltransferase activity	
	GO:0034807 ! 4,5-dihydroxybenzo(a)pyrene methyltransferase activity	
	GO:0034931 ! 1-hydroxypyrene methyltransferase activity	
	GO:0034933 ! 1-hydroxy-6-methoxypyrene methyltransferase activity	
	GO:0043770 ! demethylmenaquinone methyltransferase activity	
	GO:0043776 ! cobalt-precorrin-6B C5-methyltransferase activity	
	GO:0043777 ! cobalt-precorrin-7 C15-methyltransferase activity	
	GO:0043780 ! cobalt-precorrin-5B C1-methyltransferase activity	
	GO:0043782 ! cobalt-precorrin-3 C17-methyltransferase activity	
	GO:0043791 ! dimethylamine methyltransferase activity	
	GO:0043803 ! hydroxyneurosporene-O-methyltransferase activity	
	GO:0043833 ! methylamine-specific methylcobalamin:coenzyme M methyltransferase activity	
	GO:0043834 ! trimethylamine methyltransferase activity	
	GO:0043851 ! methanol-specific methylcobalamin:coenzyme M methyltransferase activity	
	GO:0043852 ! monomethylamine methyltransferase activity	
	GO:0051994 ! P-methyltransferase activity	
	GO:0051995 ! Se-methyltransferase activity	
EC:2.1.1 ! transferases, transferring one-carbon groups, methyltransferases	GO:0008169 ! C-methyltransferase activity	2
	GO:0009383 ! rRNA (cytosine-C5-)-methyltransferase activity	
	GO:0052624 ! 2-phytyl-1,4-naphthoquinone methyltransferase activity	
EC:2.1.1 ! transferases, transferring one-carbon groups, methyltransferases	GO:0008170 ! N-methyltransferase activity	7
	GO:0000179 ! rRNA (adenine-N6,N6-)-dimethyltransferase activity	
	GO:0004809 ! tRNA (guanine-N2-)-methyltransferase activity	
	GO:0008988 ! rRNA (adenine-N6-)-methyltransferase activity	
	GO:0016273 ! arginine N-methyltransferase activity	
	GO:0016278 ! lysine N-methyltransferase activity	
	GO:0052667 ! phosphomethylethanolamine N-methyltransferase activity	
	GO:0071424 ! rRNA (cytosine-N4-)-methyltransferase activity	
EC:2.1.1 ! transferases, transferring one-carbon groups, methyltransferases	GO:0008171 ! O-methyltransferase activity	4
	GO:0008650 ! rRNA (uridine-2'-O-)-methyltransferase activity	
	GO:0052624 ! 2-phytyl-1,4-naphthoquinone methyltransferase activity	
	GO:0070677 ! rRNA (cytosine-2'-O-)-methyltransferase activity	
	GO:0080012 ! trihydroxyferuloyl spermidine O-methyltransferase activity	
EC:2.1.1 ! transferases, transferring one-carbon groups, methyltransferases	GO:0008173 ! RNA methyltransferase activity	3
	GO:0008174 ! mRNA methyltransferase activity	
	GO:0008175 ! tRNA methyltransferase activity	
	GO:0008649 ! rRNA methyltransferase activity	
EC:2.1.1 ! transferases, transferring one-carbon groups, methyltransferases	GO:0008175 ! tRNA methyltransferase activity	4
	GO:0016300 ! tRNA (uracil) methyltransferase activity	
	GO:0016423 ! tRNA (guanine) methyltransferase activity	
	GO:0016426 ! tRNA (adenine) methyltransferase activity	
	GO:0016427 ! tRNA (cytosine) methyltransferase activity	
EC:2.7.7 ! transferases, transferring phosphorus-containing groups, nucleotidyltransferases	GO:0008192 ! RNA guanylyltransferase activity	1
	GO:0008193 ! tRNA guanylyltransferase activity	
EC:3.4.19	GO:0008242 ! omega peptidase activity	1
	GO:0016920 ! pyroglutamyl-peptidase activity	
EC:3.5.4 ! hydrolases, acting on carbon-nitrogen bonds, other than peptide bonds, in cyclic amidines	GO:0008251 ! tRNA-specific adenosine deaminase activity	2
	GO:0043829 ! tRNA-specific adenosine-37 deaminase activity	
	GO:0052717 ! tRNA-specific adenosine-34 deaminase activity	
EC:2.1.1 ! transferases, transferring one-carbon groups, methyltransferases	GO:0008276 ! protein methyltransferase activity	2
	GO:0016274 ! protein-arginine N-methyltransferase activity	
	GO:0016279 ! protein-lysine N-methyltransferase activity	
EC:2.5.1 ! transferases, transferring alkyl or aryl groups, other than methyl groups, transferring alkyl or aryl groups, other than methyl groups	GO:0008318 ! protein prenyltransferase activity	1
	GO:0004661 ! protein geranylgeranyltransferase activity	
EC:2.3.1 ! transferases, acyltransferases, transferring groups other than amino-acyl groups	GO:0008374 ! O-acyltransferase activity	10
	GO:0004772 ! sterol O-acyltransferase activity	
	GO:0016406 ! carnitine O-acyltransferase activity	
	GO:0016411 ! acylglycerol O-acyltransferase activity	
	GO:0016412 ! serine O-acyltransferase activity	
	GO:0016413 ! O-acetyltransferase activity	
	GO:0016414 ! O-octanoyltransferase activity	
	GO:0016416 ! O-palmitoyltransferase activity	
	GO:0016750 ! O-succinyltransferase activity	
	GO:0016753 ! O-sinapoyltransferase activity	
	GO:0032216 ! glucosaminyl-phosphotidylinositol O-acyltransferase activity	
MetaCyc:2.4.1.223-RXN	GO:0008375 ! acetylglucosaminyltransferase activity	1
	GO:0001888 ! glucuronyl-galactosyl-proteoglycan 4-alpha-N-acetylglucosaminyltransferase activity	
EC:2.4.1 ! transferases, glycosyltransferases, hexosyltransferases	GO:0008378 ! galactosyltransferase activity	2
	GO:0001962 ! alpha-1,3-galactosyltransferase activity	
	GO:0031278 ! alpha-1,2-galactosyltransferase activity	
EC:2.8.3 ! transferases, transferring sulfur-containing groups, coa-transferases	GO:0008410 ! CoA-transferase activity	5
	GO:0034833 ! geranylate CoA-transferase activity	
	GO:0034844 ! naphthyl-2-methyl-succinate CoA-transferase activity	
	GO:0034849 ! 2-naphthoate CoA-transferase activity	
	GO:0043821 ! propionyl-CoA:succinate CoA-transferase activity	
	GO:0043961 ! succinyl-CoA:(R)-citramalate CoA-transferase activity	
EC:2.4.1 ! transferases, glycosyltransferases, hexosyltransferases	GO:0008417 ! fucosyltransferase activity	2
	GO:0046920 ! alpha-(1->3)-fucosyltransferase activity	
	GO:0046921 ! alpha-(1->6)-fucosyltransferase activity	
EC:6.5.1 ! ligases, forming phosphoric ester bonds, forming phosphoric ester bonds	GO:0008452 ! RNA ligase activity	1
	GO:0008664 ! 2'-5'-RNA ligase activity	
EC:2.6.1 ! transferases, transferring nitrogenous groups, transaminases	GO:0008483 ! transaminase activity	7
	GO:0010326 ! methionine-oxo-acid transaminase activity	
	GO:0018719 ! 6-aminohexanoate transaminase activity	
	GO:0043746 ! N2-acetyl-L-lysine aminotransferase activity	
	GO:0043760 ! acetyldiaminopimelate aminotransferase activity	
	GO:0043840 ! branched-chain amino acid:2-keto-4-methylthiobutyrate aminotransferase activity	
	GO:0043911 ! D-lysine transaminase activity	
	GO:0046571 ! aspartate-2-keto-4-methylthiobutyrate transaminase activity	
EC:3.1.6 ! hydrolases, acting on ester bonds, sulfuric ester hydrolases	GO:0008484 ! sulfuric ester hydrolase activity	3
	GO:0018741 ! alkyl sulfatase activity	
	GO:0034889 ! endosulfan hemisulfate sulfatase activity	
	GO:0034902 ! endosulfan sulfate hydrolase activity	
MetaCyc:ARYLSULFAT-RXN	GO:0008484 ! sulfuric ester hydrolase activity	1
	GO:0004065 ! arylsulfatase activity	
EC:2.1.1 ! transferases, transferring one-carbon groups, methyltransferases	GO:0008649 ! rRNA methyltransferase activity	4
	GO:0016433 ! rRNA (adenine) methyltransferase activity	
	GO:0016434 ! rRNA (cytosine) methyltransferase activity	
	GO:0016435 ! rRNA (guanine) methyltransferase activity	
	GO:0016436 ! rRNA (uridine) methyltransferase activity	
MetaCyc:2.7.1.160-RXN	GO:0008665 ! 2'-phosphotransferase activity	1
	GO:0000215 ! tRNA 2'-phosphotransferase activity	
MetaCyc:BETA-LACTAMASE-RXN	GO:0008800 ! beta-lactamase activity	2
	GO:0033250 ! penicillinase activity	
	GO:0033251 ! cephalosporinase activity	
MetaCyc:TREHALA-RXN	GO:0015927 ! trehalase activity	1
	GO:0004555 ! alpha,alpha-trehalase activity	
MetaCyc:3.2.1.52-RXN	GO:0015929 ! hexosaminidase activity	1
	GO:0004563 ! beta-N-acetylhexosaminidase activity	
EC:1.1.1 ! oxidoreductases, acting on the ch-oh group of donors, with nad(+) or nadp(+) as acceptor	GO:0016229 ! steroid dehydrogenase activity	2
	GO:0033764 ! steroid dehydrogenase activity, acting on the CH-OH group of donors, NAD or NADP as acceptor	
	GO:0033765 ! steroid dehydrogenase activity, acting on the CH-CH group of donors	
EC:2.1.1 ! transferases, transferring one-carbon groups, methyltransferases	GO:0016273 ! arginine N-methyltransferase activity	1
	GO:0016274 ! protein-arginine N-methyltransferase activity	
EC:2.1.1 ! transferases, transferring one-carbon groups, methyltransferases	GO:0016278 ! lysine N-methyltransferase activity	1
	GO:0016279 ! protein-lysine N-methyltransferase activity	
EC:3.1.2 ! hydrolases, acting on ester bonds, thiolester hydrolases	GO:0016289 ! CoA hydrolase activity	1
	GO:0047617 ! acyl-CoA hydrolase activity	
EC:3.1.2.14 ! Oleoyl-[acyl-carrier-protein] hydrolase. activity	GO:0016297 ! acyl-[acyl-carrier-protein] hydrolase activity	3
	GO:0004320 ! oleoyl-[acyl-carrier-protein] hydrolase activity	
	GO:0016295 ! myristoyl-[acyl-carrier-protein] hydrolase activity	
	GO:0016296 ! palmitoyl-[acyl-carrier-protein] hydrolase activity	
EC:3.1.1 ! hydrolases, acting on ester bonds, carboxylic ester hydrolases	GO:0016298 ! lipase activity	1
	GO:0004620 ! phospholipase activity	
EC:2.1.1 ! transferases, transferring one-carbon groups, methyltransferases	GO:0016300 ! tRNA (uracil) methyltransferase activity	1
	GO:0052665 ! tRNA (uracil-2'-O-)-methyltransferase activity	
EC:2.7.1 ! transferases, transferring phosphorus-containing groups, phosphotransferases with an alcohol group as acceptor	GO:0016307 ! phosphatidylinositol phosphate kinase activity	1
	GO:0052811 ! 1-phosphatidylinositol-3-phosphate 4-kinase activity	
EC:3.1.3 ! hydrolases, acting on ester bonds, phosphoric monoester hydrolases	GO:0016312 ! inositol bisphosphate phosphatase activity	2
	GO:0030487 ! inositol-4,5-bisphosphate 5-phosphatase activity	
	GO:0052828 ! inositol-3,4-bisphosphate 4-phosphatase activity	
EC:2.3.1 ! transferases, acyltransferases, transferring groups other than amino-acyl groups	GO:0016407 ! acetyltransferase activity	3
	GO:0008080 ! N-acetyltransferase activity	
	GO:0016413 ! O-acetyltransferase activity	
	GO:0016418 ! S-acetyltransferase activity	
EC:2.3.1 ! transferases, acyltransferases, transferring groups other than amino-acyl groups	GO:0016408 ! C-acyltransferase activity	1
	GO:0016454 ! C-palmitoyltransferase activity	
EC:2.3.1 ! transferases, acyltransferases, transferring groups other than amino-acyl groups	GO:0016409 ! palmitoyltransferase activity	4
	GO:0016416 ! O-palmitoyltransferase activity	
	GO:0016454 ! C-palmitoyltransferase activity	
	GO:0019105 ! N-palmitoyltransferase activity	
	GO:0043849 ! Ras palmitoyltransferase activity	
EC:2.3.1 ! transferases, acyltransferases, transferring groups other than amino-acyl groups	GO:0016410 ! N-acyltransferase activity	4
	GO:0008080 ! N-acetyltransferase activity	
	GO:0016749 ! N-succinyltransferase activity	
	GO:0019105 ! N-palmitoyltransferase activity	
	GO:0019186 ! acyl-CoA N-acyltransferase activity	
EC:2.3.1 ! transferases, acyltransferases, transferring groups other than amino-acyl groups	GO:0016415 ! octanoyltransferase activity	1
	GO:0016414 ! O-octanoyltransferase activity	
EC:2.3.1 ! transferases, acyltransferases, transferring groups other than amino-acyl groups	GO:0016417 ! S-acyltransferase activity	5
	GO:0016418 ! S-acetyltransferase activity	
	GO:0016419 ! S-malonyltransferase activity	
	GO:0016751 ! S-succinyltransferase activity	
	GO:0019707 ! protein-cysteine S-acyltransferase activity	
	GO:0030523 ! dihydrolipoamide S-acyltransferase activity	
EC:2.3.1 ! transferases, acyltransferases, transferring groups other than amino-acyl groups	GO:0016420 ! malonyltransferase activity	1
	GO:0016419 ! S-malonyltransferase activity	
EC:2.1.1 ! transferases, transferring one-carbon groups, methyltransferases	GO:0016423 ! tRNA (guanine) methyltransferase activity	2
	GO:0004809 ! tRNA (guanine-N2-)-methyltransferase activity	
	GO:0009019 ! tRNA (guanine-N1-)-methyltransferase activity	
EC:2.1.1 ! transferases, transferring one-carbon groups, methyltransferases	GO:0016426 ! tRNA (adenine) methyltransferase activity	1
	GO:0016429 ! tRNA (adenine-N1-)-methyltransferase activity	
EC:2.1.1 ! transferases, transferring one-carbon groups, methyltransferases	GO:0016427 ! tRNA (cytosine) methyltransferase activity	3
	GO:0016428 ! tRNA (cytosine-5-)-methyltransferase activity	
	GO:0052666 ! tRNA (cytosine-2'-O-)-methyltransferase activity	
	GO:0052735 ! tRNA (cytosine-3-)-methyltransferase activity	
EC:2.1.1 ! transferases, transferring one-carbon groups, methyltransferases	GO:0016429 ! tRNA (adenine-N1-)-methyltransferase activity	1
	GO:0043827 ! tRNA (adenine-57, 58-N(1)-) methyltransferase activity	
EC:2.1.1 ! transferases, transferring one-carbon groups, methyltransferases	GO:0016433 ! rRNA (adenine) methyltransferase activity	2
	GO:0000179 ! rRNA (adenine-N6,N6-)-dimethyltransferase activity	
	GO:0008988 ! rRNA (adenine-N6-)-methyltransferase activity	
EC:2.1.1 ! transferases, transferring one-carbon groups, methyltransferases	GO:0016434 ! rRNA (cytosine) methyltransferase activity	3
	GO:0009383 ! rRNA (cytosine-C5-)-methyltransferase activity	
	GO:0070677 ! rRNA (cytosine-2'-O-)-methyltransferase activity	
	GO:0071424 ! rRNA (cytosine-N4-)-methyltransferase activity	
EC:2.1.1 ! transferases, transferring one-carbon groups, methyltransferases	GO:0016436 ! rRNA (uridine) methyltransferase activity	1
	GO:0008650 ! rRNA (uridine-2'-O-)-methyltransferase activity	
EC:3.6.1 ! hydrolases, acting on acid anhydrides, in phosphorus-containing anhydrides	GO:0016462 ! pyrophosphatase activity	2
	GO:0008758 ! UDP-2,3-diacylglucosamine hydrolase activity	
	GO:0019177 ! dihydroneopterin triphosphate pyrophosphohydrolase activity	
EC:1	GO:0016491 ! oxidoreductase activity	5
	GO:0043738 ! reduced coenzyme F420 dehydrogenase activity	
	GO:0043826 ! sulfur oxygenase reductase activity	
	GO:0043883 ! malolactic enzyme activity	
	GO:0043914 ! NADPH:sulfur oxidoreductase activity	
	GO:0052693 ! epoxyqueuosine reductase activity	
EC:1.1 ! oxidoreductases, acting on the ch-oh group of donors	GO:0016614 ! oxidoreductase activity, acting on CH-OH group of donors	20
	GO:0018446 ! pinocarveol dehydrogenase activity	
	GO:0018447 ! chloral hydrate dehydrogenase activity	
	GO:0018448 ! hydroxymethylmethylsilanediol oxidase activity	
	GO:0018449 ! 1-phenylethanol dehydrogenase activity	
	GO:0018450 ! myrtenol dehydrogenase activity	
	GO:0034522 ! cis-1,2-dihydroxy-1,2-dihydro-8-carboxynaphthalene dehydrogenase activity	
	GO:0034582 ! 3-hydroxy-4-methyloctanoyl-CoA dehydrogenase activity	
	GO:0034778 ! 2-hydroxy-4-isopropenylcyclohexane-1-carboxyl-CoA dehydrogenase activity	
	GO:0034817 ! cis-9,10-dihydroanthracene-9,10-diol dehydrogenase activity	
	GO:0034821 ! citronellol dehydrogenase activity	
	GO:0034847 ! naphthyl-2-hydroxymethyl-succinyl-CoA dehydrogenase activity	
	GO:0034863 ! 2,4,4-trimethyl-1-pentanol dehydrogenase activity	
	GO:0034868 ! 2,4,4-trimethyl-3-hydroxypentanoyl-CoA dehydrogenase activity	
	GO:0034871 ! 1-hydroxy-4,4-dimethylpentan-3-one dehydrogenase activity	
	GO:0034891 ! endosulfan diol dehydrogenase activity	
	GO:0034901 ! endosulfan hydroxyether dehydrogenase activity	
	GO:0034918 ! 3-hydroxy-2-methylhexanoyl-CoA dehydrogenase activity	
	GO:0034944 ! 3-hydroxy-2,6-dimethyl-5-methylene-heptanoyl-CoA dehydrogenase activity	
	GO:0042469 ! versicolorin reductase activity	
	GO:0045703 ! ketoreductase activity	
EC:1.1.1 ! oxidoreductases, acting on the ch-oh group of donors, with nad(+) or nadp(+) as acceptor	GO:0016616 ! oxidoreductase activity, acting on the CH-OH group of donors, NAD or NADP as acceptor	20
	GO:0000252 ! C-3 sterol dehydrogenase (C-4 sterol decarboxylase) activity	
	GO:0004033 ! aldo-keto reductase (NADP) activity	
	GO:0004448 ! isocitrate dehydrogenase activity	
	GO:0004495 ! mevaldate reductase activity	
	GO:0008875 ! gluconate dehydrogenase activity	
	GO:0018451 ! epoxide dehydrogenase activity	
	GO:0018452 ! 5-exo-hydroxycamphor dehydrogenase activity	
	GO:0018453 ! 2-hydroxytetrahydrofuran dehydrogenase activity	
	GO:0019152 ! acetoin dehydrogenase activity	
	GO:0032442 ! phenylcoumaran benzylic ether reductase activity	
	GO:0033709 ! D-arabinitol dehydrogenase, D-ribulose forming (NADP+) activity	
	GO:0033764 ! steroid dehydrogenase activity, acting on the CH-OH group of donors, NAD or NADP as acceptor	
	GO:0034831 ! (R)-(-)-1,2,3,4-tetrahydronaphthol dehydrogenase activity	
	GO:0034840 ! 3-hydroxymenthone dehydrogenase activity	
	GO:0035380 ! very long-chain-3-hydroxyacyl-CoA dehydrogenase activity	
	GO:0043713 ! (R)-2-hydroxyisocaproate dehydrogenase activity	
	GO:0044103 ! L-arabinose 1-dehydrogenase (NADP+) activity	
	GO:0044105 ! L-xylulose reductase (NAD+) activity	
	GO:0048258 ! 3-ketoglucose-reductase activity	
	GO:0052677 ! D-arabinitol dehydrogenase, D-xylulose forming (NADP+) activity	
EC:1.2.1 ! oxidoreductases, acting on the aldehyde or oxo group of donors, with nad(+) or nadp(+) as acceptor	GO:0016620 ! oxidoreductase activity, acting on the aldehyde or oxo group of donors, NAD or NADP as acceptor	16
	GO:0004028 ! 3-chloroallyl aldehyde dehydrogenase activity	
	GO:0018472 ! 1-hydroxy-2-naphthaldehyde dehydrogenase activity	
	GO:0018473 ! cis-2-methyl-5-isopropylhexa-2,5-dienal dehydrogenase activity	
	GO:0018475 ! trans-2-methyl-5-isopropylhexa-2,5-dienal dehydrogenase activity	
	GO:0034525 ! 1-naphthaldehyde dehydrogenase activity	
	GO:0034538 ! 3-methylsalicylaldehyde dehydrogenase activity	
	GO:0034601 ! oxoglutarate dehydrogenase [NAD(P)+] activity	
	GO:0034602 ! oxoglutarate dehydrogenase (NAD+) activity	
	GO:0034603 ! pyruvate dehydrogenase [NAD(P)+] activity	
	GO:0034822 ! citronellal dehydrogenase activity	
	GO:0034832 ! geranial dehydrogenase activity	
	GO:0043745 ! N2-acetyl-L-aminoadipate semialdehyde dehydrogenase activity	
	GO:0043796 ! glyceraldehyde dehydrogenase (NADP) activity	
	GO:0043870 ! N-acetyl-gamma-aminoadipyl-phosphate reductase activity	
	GO:0043878 ! glyceraldehyde-3-phosphate dehydrogenase (NAD+) (non-phosphorylating) activity	
	GO:0044104 ! 2,5-dioxovalerate dehydrogenase (NAD+) activity	
EC:1.2.3 ! oxidoreductases, acting on the aldehyde or oxo group of donors, with oxygen as acceptor	GO:0016623 ! oxidoreductase activity, acting on the aldehyde or oxo group of donors, oxygen as acceptor	4
	GO:0018486 ! 2-butanone oxidase activity	
	GO:0018487 ! vanillate O-demethylase (anaerobic) activity	
	GO:0034523 ! 3-formylsalicylate oxidase activity	
	GO:0046569 ! glyoxal oxidase activity	
EC:1.2.7 ! oxidoreductases, acting on the aldehyde or oxo group of donors, with an iron-sulfur protein as acceptor	GO:0016625 ! oxidoreductase activity, acting on the aldehyde or oxo group of donors, iron-sulfur protein as acceptor	1
	GO:0043873 ! pyruvate-flavodoxin oxidoreductase activity	
EC:1.3 ! oxidoreductases, acting on the ch-ch group of donors	GO:0016627 ! oxidoreductase activity, acting on the CH-CH group of donors	14
	GO:0016166 ! phytoene dehydrogenase activity	
	GO:0018129 ! peptidyl-oxazoline dehydrogenase activity	
	GO:0018136 ! peptidyl-thiazoline dehydrogenase activity	
	GO:0018494 ! carvone reductase activity	
	GO:0018495 ! 2-hydroxycyclohexane-1-carboxyl-CoA dehydrogenase activity	
	GO:0018496 ! 2,6-dihydroxycyclohexane-1-carboxyl-CoA dehydrogenase activity	
	GO:0018497 ! 1-chloro-2,2-bis(4-chlorophenyl)ethane dehydrogenase activity	
	GO:0034564 ! 4,4'-dihydroxy-alpha-methylstilbene dioxygenase activity	
	GO:0034787 ! 1-hydro-1,1a-dihydroxy-9-fluorenone dehydrogenase activity	
	GO:0034826 ! 1,2-dihydroxy-1,2,5,6,7,8-hexyhadronaphthalene dehydrogenase activity	
	GO:0034837 ! 2-mercaptobenzothiazole-cis-6,7-dihydrodiol dehydrogenase activity	
	GO:0034866 ! 2,4,4-trimethylpentanoyl-CoA dehydrogenase activity	
	GO:0034921 ! cis-4,5-dihydroxy-4,5-dihydropyrene dehydrogenase activity	
	GO:0034924 ! cis-3,4-phenanthrenedihydrodiol-4-carboxylate dehydrogenase activity	
EC:1.3.1 ! oxidoreductases, acting on the ch-ch group of donors, with nad(+) or nadp(+) as acceptor	GO:0016628 ! oxidoreductase activity, acting on the CH-CH group of donors, NAD or NADP as acceptor	16
	GO:0016631 ! enoyl-[acyl-carrier-protein] reductase activity	
	GO:0018498 ! 2,3-dihydroxy-2,3-dihydro-phenylpropionate dehydrogenase activity	
	GO:0018499 ! cis-2,3-dihydrodiol DDT dehydrogenase activity	
	GO:0018500 ! trans-9R,10R-dihydrodiolphenanthrene dehydrogenase activity	
	GO:0018501 ! cis-chlorobenzene dihydrodiol dehydrogenase activity	
	GO:0018502 ! 2,5-dichloro-2,5-cyclohexadiene-1,4-diol dehydrogenase activity	
	GO:0018503 ! trans-1,2-dihydrodiolphenanthrene dehydrogenase activity	
	GO:0034790 ! 3,4-dihydroxy-3,4-dihydrofluorene dehydrogenase activity	
	GO:0034805 ! benzo(a)pyrene-trans-11,12-dihydrodiol dehydrogenase activity	
	GO:0034809 ! benzo(a)pyrene-cis-4,5-dihydrodiol dehydrogenase activity	
	GO:0034824 ! citronellyl-CoA dehydrogenase activity	
	GO:0034838 ! menthone dehydrogenase activity	
	GO:0034912 ! phthalate 3,4-cis-dihydrodiol dehydrogenase activity	
	GO:0043786 ! cinnamate reductase activity	
	GO:0052849 ! NADPH-dependent curcumin reductase activity	
	GO:0052850 ! NADPH-dependent dihydrocurcumin reductase activity	
EC:1.3.7 ! oxidoreductases, acting on the ch-ch group of donors, with an iron-sulfur protein as acceptor	GO:0016636 ! oxidoreductase activity, acting on the CH-CH group of donors, iron-sulfur protein as acceptor	1
	GO:0051743 ! red chlorophyll catabolite reductase activity	
EC:1.4 ! oxidoreductases, acting on the ch-nh(2) group of donors	GO:0016638 ! oxidoreductase activity, acting on the CH-NH2 group of donors	4
	GO:0015930 ! glutamate synthase activity	
	GO:0018526 ! 2-aminobenzoyl-CoA reductase activity	
	GO:0034557 ! 2-hydroxylaminobenzoate reductase activity	
	GO:0034932 ! 1-methoxypyrene 6,7-monooxygenase activity	
EC:1.4.1 ! oxidoreductases, acting on the ch-nh(2) group of donors, with nad(+) or nadp(+) as acceptor	GO:0016639 ! oxidoreductase activity, acting on the CH-NH2 group of donors, NAD or NADP as acceptor	2
	GO:0043837 ! valine dehydrogenase (NAD) activity	
	GO:0045181 ! glutamate synthase activity, NAD(P)H as acceptor	
EC:1.4.3 ! oxidoreductases, acting on the ch-nh(2) group of donors, with oxygen as acceptor	GO:0016641 ! oxidoreductase activity, acting on the CH-NH2 group of donors, oxygen as acceptor	1
	GO:0015922 ! aspartate oxidase activity	
EC:1.5 ! oxidoreductases, acting on the ch-nh group of donors	GO:0016645 ! oxidoreductase activity, acting on the CH-NH group of donors	3
	GO:0018528 ! iminodiacetate dehydrogenase activity	
	GO:0034780 ! glyphosate dehydrogenase activity	
	GO:0034909 ! 6-hydroxypseudooxynicotine dehydrogenase activity	
EC:1.5.1 ! oxidoreductases, acting on the ch-nh group of donors, with nad(+) or nadp(+) as acceptor	GO:0016646 ! oxidoreductase activity, acting on the CH-NH group of donors, NAD or NADP as acceptor	4
	GO:0004486 ! methylenetetrahydrofolate dehydrogenase [NAD(P)+] activity	
	GO:0004753 ! saccharopine dehydrogenase activity	
	GO:0018529 ! nitrilotriacetate monooxygenase activity	
	GO:0044684 ! dihydromethanopterin reductase activity	
EC:1.5.3 ! oxidoreductases, acting on the ch-nh group of donors, with oxygen as acceptor	GO:0016647 ! oxidoreductase activity, acting on the CH-NH group of donors, oxygen as acceptor	3
	GO:0019116 ! hydroxy-nicotine oxidase activity	
	GO:0051699 ! proline oxidase activity	
	GO:0051700 ! fructosyl-amino acid oxidase activity	
EC:1.6 ! oxidoreductases, acting on nadh or nadph	GO:0016651 ! oxidoreductase activity, acting on NAD(P)H	2
	GO:0018538 ! epoxide carboxylase activity	
	GO:0052808 ! reduced coenzyme F420:NADP+ oxidoreductase activity	
EC:1.6.1 ! oxidoreductases, acting on nadh or nadph, with nad(+) or nadp(+) as acceptor	GO:0016652 ! oxidoreductase activity, acting on NAD(P)H, NAD(P) as acceptor	1
	GO:0008746 ! NAD(P)+ transhydrogenase activity	
EC:1.6.6 ! oxidoreductases, acting on nadh or nadph, with a nitrogenous group as acceptor	GO:0016657 ! oxidoreductase activity, acting on NAD(P)H, nitrogenous group as acceptor	3
	GO:0018543 ! 4-amino-2-nitroso-6-nitrotoluene reductase activity	
	GO:0018544 ! 4-carboxy-4'-sulfoazobenzene reductase activity	
	GO:0018545 ! NAD(P)H nitroreductase activity	
EC:1.7.3 ! oxidoreductases, acting on other nitrogenous compounds as donors, with oxygen as acceptor	GO:0016663 ! oxidoreductase activity, acting on other nitrogenous compounds as donors, oxygen as acceptor	1
	GO:0018547 ! nitroglycerin reductase activity	
EC:1.8 ! oxidoreductases, acting on a sulfur group of donors	GO:0016667 ! oxidoreductase activity, acting on a sulfur group of donors	2
	GO:0052806 ! sulfite reductase (coenzyme F420) activity	
	GO:0052807 ! aflatoxin reductase (coenzyme F420) activity	
EC:1.8.1 ! oxidoreductases, acting on a sulfur group of donors, with nad(+) or nadp(+) as acceptor	GO:0016668 ! oxidoreductase activity, acting on a sulfur group of donors, NAD(P) as acceptor	1
	GO:0008785 ! alkyl hydroperoxide reductase activity	
EC:1.8.2 ! oxidoreductases, acting on a sulfur group of donors, with a cytochrome as acceptor	GO:0016669 ! oxidoreductase activity, acting on a sulfur group of donors, cytochrome as acceptor	1
	GO:0070225 ! sulfide dehydrogenase activity	
EC:1.8.4 ! oxidoreductases, acting on a sulfur group of donors, with a disulfide as acceptor	GO:0016671 ! oxidoreductase activity, acting on a sulfur group of donors, disulfide as acceptor	3
	GO:0008113 ! peptide-methionine (S)-S-oxide reductase activity	
	GO:0033743 ! peptide-methionine (R)-S-oxide reductase activity	
	GO:0070191 ! methionine-R-sulfoxide reductase activity	
EC:1.8.5 ! oxidoreductases, acting on a sulfur group of donors, with a quinone or similar compound as acceptor	GO:0016672 ! oxidoreductase activity, acting on a sulfur group of donors, quinone or similar compound as acceptor	1
	GO:0070224 ! sulfide:quinone oxidoreductase activity	
EC:1.10.3	GO:0016682 ! oxidoreductase activity, acting on diphenols and related substances as donors, oxygen as acceptor	1
	GO:0008827 ! cytochrome o ubiquinol oxidase activity	
EC:1.12	GO:0016695 ! oxidoreductase activity, acting on hydrogen as donor	1
	GO:0034558 ! technetium (VII) reductase activity	
EC:1.13	GO:0016701 ! oxidoreductase activity, acting on single donors with incorporation of molecular oxygen	6
	GO:0018553 ! 3-(2,3-dihydroxyphenyl)propionate 1,2-dioxygenase activity	
	GO:0018554 ! 1,2-dihydroxynaphthalene dioxygenase activity	
	GO:0034527 ! 1,2-dihydroxy-8-carboxynaphthalene dioxygenase activity	
	GO:0034533 ! 1,2-dihydroxy-7-hydroxymethylnaphthalene dioxygenase activity	
	GO:0034535 ! 1,2-dihydroxy-8-methylnaphthalene dioxygenase activity	
	GO:0034788 ! 2,3-dihydroxy-2'-carboxybiphenyl 1,2-dioxygenase activity	
EC:1.13.11	GO:0016702 ! oxidoreductase activity, acting on single donors with incorporation of molecular oxygen, incorporation of two atoms of oxygen	43
	GO:0018542 ! 2,3-dihydroxy DDT 1,2-dioxygenase activity	
	GO:0018555 ! phenanthrene dioxygenase activity	
	GO:0018556 ! 2,2',3-trihydroxybiphenyl dioxygenase activity	
	GO:0018558 ! 5,6-dihydroxy-3-methyl-2-oxo-1,2-dihydroquinoline dioxygenase activity	
	GO:0018559 ! 1,1-dichloro-2-(dihydroxy-4-chlorophenyl)-(4-chlorophenyl)ethene 1,2-dioxygenase activity	
	GO:0018560 ! protocatechuate 3,4-dioxygenase type II activity	
	GO:0018561 ! 2'-aminobiphenyl-2,3-diol 1,2-dioxygenase activity	
	GO:0018563 ! 2,3-dihydroxy-ethylbenzene 1,2-dioxygenase activity	
	GO:0018564 ! carbazole 1,9a-dioxygenase activity	
	GO:0018565 ! dihydroxydibenzothiophene dioxygenase activity	
	GO:0018566 ! 1,2-dihydroxynaphthalene-6-sulfonate 1,8a-dioxygenase activity	
	GO:0018567 ! styrene dioxygenase activity	
	GO:0018568 ! 3,4-dihydroxyphenanthrene dioxygenase activity	
	GO:0018569 ! hydroquinone 1,2-dioxygenase activity	
	GO:0018570 ! p-cumate 2,3-dioxygenase activity	
	GO:0018571 ! 2,3-dihydroxy-p-cumate dioxygenase activity	
	GO:0018572 ! 3,5-dichlorocatechol 1,2-dioxygenase activity	
	GO:0018573 ! 2-aminophenol 1,6-dioxygenase activity	
	GO:0018574 ! 2,6-dichloro-p-hydroquinone 1,2-dioxygenase activity	
	GO:0018575 ! chlorocatechol 1,2-dioxygenase activity	
	GO:0019114 ! catechol dioxygenase activity	
	GO:0019117 ! dihydroxyfluorene dioxygenase activity	
	GO:0034543 ! 5-aminosalicylate dioxygenase activity	
	GO:0034803 ! 3-hydroxy-2-naphthoate 2,3-dioxygenase activity	
	GO:0034806 ! benzo(a)pyrene 11,12-dioxygenase activity	
	GO:0034808 ! benzo(a)pyrene 4,5-dioxygenase activity	
	GO:0034810 ! 4,5-dihydroxybenzo(a)pyrene dioxygenase activity	
	GO:0034811 ! benzo(a)pyrene 9,10-dioxygenase activity	
	GO:0034812 ! 9,10-dihydroxybenzo(a)pyrene dioxygenase activity	
	GO:0034813 ! benzo(a)pyrene 7,8-dioxygenase activity	
	GO:0034814 ! 7,8-dihydroxy benzo(a)pyrene dioxygenase activity	
	GO:0034827 ! 1,2-dihydroxy-5,6,7,8-tetrahydronaphthalene extradiol dioxygenase activity	
	GO:0034834 ! 2-mercaptobenzothiazole dioxygenase activity	
	GO:0034895 ! pyridine-3,4-diol dioxygenase activity	
	GO:0034920 ! pyrene dioxygenase activity	
	GO:0034922 ! 4,5-dihydroxypyrene dioxygenase activity	
	GO:0034934 ! phenanthrene-4-carboxylate dioxygenase activity	
	GO:0034935 ! tetrachlorobenzene dioxygenase activity	
	GO:0034936 ! 4,6-dichloro-3-methylcatechol 1,2-dioxygenase activity	
	GO:0034955 ! 2,3-dihydroxydiphenyl ether dioxygenase activity	
	GO:0034956 ! diphenyl ether 1,2-dioxygenase activity	
	GO:0036403 ! arachidonate 8(S)-lipoxygenase activity	
	GO:0047074 ! 4-hydroxycatechol 1,2-dioxygenase activity	
EC:1.13.12	GO:0016703 ! oxidoreductase activity, acting on single donors with incorporation of molecular oxygen, incorporation of one atom of oxygen (internal monooxygenases or internal mixed function oxidases)	4
	GO:0034835 ! 2-mercaptobenzothiazole monooxygenase activity	
	GO:0034836 ! 6-hydroxy-2-mercaptobenzothiazole monooxygenase activity	
	GO:0034850 ! isooctane monooxygenase activity	
	GO:0034898 ! hexadecyltrimethylammonium chloride monooxygenase activity	
EC:1.14	GO:0016705 ! oxidoreductase activity, acting on paired donors, with incorporation or reduction of molecular oxygen	36
	GO:0018585 ! fluorene oxygenase activity	
	GO:0018586 ! mono-butyltin dioxygenase activity	
	GO:0018588 ! tri-n-butyltin dioxygenase activity	
	GO:0018589 ! di-n-butyltin dioxygenase activity	
	GO:0018590 ! methylsilanetriol hydroxylase activity	
	GO:0018591 ! methyl tertiary butyl ether 3-monooxygenase activity	
	GO:0018592 ! 4-nitrocatechol 4-monooxygenase activity	
	GO:0018593 ! 4-chlorophenoxyacetate monooxygenase activity	
	GO:0018594 ! tert-butanol 2-monooxygenase activity	
	GO:0018595 ! alpha-pinene monooxygenase activity	
	GO:0018596 ! dimethylsilanediol hydroxylase activity	
	GO:0018597 ! ammonia monooxygenase activity	
	GO:0018598 ! hydroxymethylsilanetriol oxidase activity	
	GO:0018599 ! 2-hydroxyisobutyrate 3-monooxygenase activity	
	GO:0018600 ! alpha-pinene dehydrogenase activity	
	GO:0034559 ! bisphenol A hydroxylase B activity	
	GO:0034562 ! 2,2-bis(4-hydroxyphenyl)-1-propanol hydroxylase activity	
	GO:0034786 ! 9-fluorenone-3,4-dioxygenase activity	
	GO:0034816 ! anthracene 9,10-dioxygenase activity	
	GO:0034857 ! 2-(methylthio)benzothiazole monooxygenase activity	
	GO:0034858 ! 2-hydroxybenzothiazole monooxygenase activity	
	GO:0034859 ! benzothiazole monooxygenase activity	
	GO:0034862 ! 2,6-dihydroxybenzothiazole monooxygenase activity	
	GO:0034870 ! pinacolone 5-monooxygenase activity	
	GO:0034873 ! thioacetamide S-oxygenase activity	
	GO:0034874 ! thioacetamide S-oxide S-oxygenase activity	
	GO:0034888 ! endosulfan monooxygenase I activity	
	GO:0034893 ! N-nitrodimethylamine hydroxylase activity	
	GO:0034897 ! 4-(1-ethyl-1,4-dimethyl-pentyl)phenol monoxygenase activity	
	GO:0034903 ! endosulfan ether monooxygenase activity	
	GO:0034925 ! pyrene 4,5-monooxygenase activity	
	GO:0034927 ! pyrene 1,2-monooxygenase activity	
	GO:0034928 ! 1-hydroxypyrene 6,7-monooxygenase activity	
	GO:0034929 ! 1-hydroxypyrene 7,8-monooxygenase activity	
	GO:0034950 ! phenylboronic acid monooxygenase activity	
	GO:0043823 ! spheroidene monooxygenase activity	
EC:1.14.11	GO:0016706 ! oxidoreductase activity, acting on paired donors, with incorporation or reduction of molecular oxygen, 2-oxoglutarate as one donor, and incorporation of one atom each of oxygen into both donors	4
	GO:0000907 ! sulfonate dioxygenase activity	
	GO:0018602 ! 2,4-dichlorophenoxyacetate alpha-ketoglutarate dioxygenase activity	
	GO:0034792 ! hypophosphite dioxygenase activity	
	GO:0043734 ! DNA-N1-methyladenine dioxygenase activity	
EC:1.14.12	GO:0016708 ! oxidoreductase activity, acting on paired donors, with incorporation or reduction of molecular oxygen, NAD(P)H as one donor, and incorporation of two atoms of oxygen into one donor	21
	GO:0018603 ! nitrobenzene 1,2-dioxygenase activity	
	GO:0018604 ! 4-aminobenzoate 3,4-dioxygenase (deaminating) activity	
	GO:0018606 ! benzenesulfonate dioxygenase activity	
	GO:0018607 ! 1-indanone monooxygenase activity	
	GO:0018608 ! 1-indanone dioxygenase activity	
	GO:0018609 ! chlorobenzene dioxygenase activity	
	GO:0018610 ! dibenzofuran 4,4a-dioxygenase activity	
	GO:0018611 ! toluate dioxygenase activity	
	GO:0018612 ! dibenzothiophene dioxygenase activity	
	GO:0018613 ! 9-fluorenone dioxygenase activity	
	GO:0018614 ! ethylbenzene dioxygenase activity	
	GO:0018615 ! 2-indanone monooxygenase activity	
	GO:0018616 ! trihydroxytoluene dioxygenase activity	
	GO:0018617 ! 4-aminobenzenesulfonate 3,4-dioxygenase (deaminating) activity	
	GO:0034521 ! 1-naphthoic acid dioxygenase activity	
	GO:0034825 ! tetralin ring-hydroxylating dioxygenase activity	
	GO:0034906 ! N-isopropylaniline 1,2-dixoxygenase activity	
	GO:0034907 ! acetanilide 1,2-dioxygenase activity	
	GO:0034908 ! 2-chloro-N-isopropylacetanilide 1,2-dioxygenase activity	
	GO:0034911 ! phthalate 3,4-dioxygenase activity	
	GO:0034954 ! diphenyl ether 2,3-dioxygenase activity	
EC:1.14.13	GO:0016709 ! oxidoreductase activity, acting on paired donors, with incorporation or reduction of molecular oxygen, NAD(P)H as one donor, and incorporation of one atom of oxygen	40
	GO:0008688 ! 3-(3-hydroxyphenyl)propionate hydroxylase activity	
	GO:0018471 ! 4-chlorobenzaldehyde oxidase activity	
	GO:0018630 ! 3,5-xylenol methylhydroxylase activity	
	GO:0018631 ! phenylacetate hydroxylase activity	
	GO:0018632 ! 4-nitrophenol 4-monooxygenase activity	
	GO:0018633 ! dimethyl sulfide monooxygenase activity	
	GO:0018634 ! alpha-pinene monooxygenase [NADH] activity	
	GO:0018636 ! phenanthrene 9,10-monooxygenase activity	
	GO:0018637 ! 1-hydroxy-2-naphthoate hydroxylase activity	
	GO:0018638 ! toluene 4-monooxygenase activity	
	GO:0018639 ! xylene monooxygenase activity	
	GO:0018640 ! dibenzothiophene monooxygenase activity	
	GO:0018641 ! 6-hydroxy-3-methyl-2-oxo-1,2-dihydroquinoline 6-monooxygenase activity	
	GO:0018642 ! chlorophenol 4-monooxygenase activity	
	GO:0018643 ! carbon disulfide oxygenase activity	
	GO:0018644 ! toluene 2-monooxygenase activity	
	GO:0018646 ! 1-hydroxy-2-oxolimonene 1,2-monooxygenase activity	
	GO:0018647 ! phenanthrene 1,2-monooxygenase activity	
	GO:0018649 ! tetrahydrofuran hydroxylase activity	
	GO:0018650 ! styrene monooxygenase activity	
	GO:0018651 ! toluene-4-sulfonate monooxygenase activity	
	GO:0018652 ! toluene-sulfonate methyl-monooxygenase activity	
	GO:0018653 ! 3-methyl-2-oxo-1,2-dihydroquinoline 6-monooxygenase activity	
	GO:0018654 ! 2-hydroxy-phenylacetate hydroxylase activity	
	GO:0018655 ! 2-oxo-delta3-4,5,5-trimethylcyclopentenylacetyl-CoA 1,2-monooxygenase activity	
	GO:0018656 ! phenanthrene 3,4-monooxygenase activity	
	GO:0018657 ! toluene 3-monooxygenase activity	
	GO:0018660 ! 4-hydroxyphenylacetate,NADH:oxygen oxidoreductase (3-hydroxylating) activity	
	GO:0019113 ! limonene monooxygenase activity	
	GO:0034526 ! 2-methylnaphthalene hydroxylase activity	
	GO:0034534 ! 1-methylnaphthalene hydroxylase activity	
	GO:0034560 ! bisphenol A hydroxylase A activity	
	GO:0034785 ! salicylate 5-hydroxylase activity	
	GO:0034791 ! isobutylamine N-hydroxylase activity	
	GO:0034802 ! branched-chain dodecylbenzene sulfonate monooxygenase activity	
	GO:0034819 ! 3-HSA hydroxylase activity	
	GO:0034894 ! 4-hydroxypyridine-3-hydroxylase activity	
	GO:0043719 ! 2-octaprenyl-3-methyl-6-methoxy-1,4-benzoquinol hydroxylase activity	
	GO:0043731 ! 6-hydroxynicotinate 3-monooxygenase activity	
	GO:0052872 ! tocotrienol omega-hydroxylase activity	
EC:1.14.14	GO:0016712 ! oxidoreductase activity, acting on paired donors, with incorporation or reduction of molecular oxygen, reduced flavin or flavoprotein as one donor, and incorporation of one atom of oxygen	1
	GO:0034938 ! pyrrole-2-carboxylate monooxygenase activity	
UM-BBD_enzymeID:e0551	GO:0016712 ! oxidoreductase activity, acting on paired donors, with incorporation or reduction of molecular oxygen, reduced flavin or flavoprotein as one donor, and incorporation of one atom of oxygen	1
	GO:0070330 ! aromatase activity	
EC:1.14.15	GO:0016713 ! oxidoreductase activity, acting on paired donors, with incorporation or reduction of molecular oxygen, reduced iron-sulfur protein as one donor, and incorporation of one atom of oxygen	7
	GO:0018680 ! deethylatrazine monooxygenase activity	
	GO:0018681 ! deisopropylatrazine monooxygenase activity	
	GO:0018682 ! atrazine N-dealkylase activity	
	GO:0034577 ! N-isopropylacetaniline monooxygenase activity	
	GO:0034795 ! cyclohexane monooxygenase activity	
	GO:0034818 ! ADD 9alpha-hydroxylase activity	
	GO:0034855 ! 4-AD 9alpha-hydroxylase activity	
EC:1.14.18	GO:0016716 ! oxidoreductase activity, acting on paired donors, with incorporation or reduction of molecular oxygen, another compound as one donor, and incorporation of one atom of oxygen	1
	GO:0018686 ! 6-hydroxy pseudo-oxynicotine monooxygenase activity	
EC:1.14.19	GO:0016717 ! oxidoreductase activity, acting on paired donors, with oxidation of a pair of donors resulting in the reduction of molecular oxygen to two molecules of water	1
	GO:0016215 ! acyl-CoA desaturase activity	
EC:1.15	GO:0016721 ! oxidoreductase activity, acting on superoxide radicals as acceptor	3
	GO:0034877 ! isonicotinate dehydrogenase activity	
	GO:0034878 ! 2-hydroxyisonicotinate dehydrogenase activity	
	GO:0034880 ! citrazinate dehydrogenase activity	
EC:1.16.1	GO:0016723 ! oxidoreductase activity, oxidizing metal ions, NAD or NADP as acceptor	1
	GO:0008823 ! cupric reductase activity	
EC:1.18.1	GO:0016731 ! oxidoreductase activity, acting on iron-sulfur proteins as donors, NAD or NADP as acceptor	2
	GO:0008937 ! ferredoxin-NAD(P) reductase activity	
	GO:0015046 ! rubredoxin-NADP reductase activity	
EC:2 ! transferases	GO:0016740 ! transferase activity	1
	GO:0043842 ! Kdo transferase activity	
EC:2.1.2 ! transferases, transferring one-carbon groups, hydroxymethyl-, formyl- and related transferases	GO:0016742 ! hydroxymethyl-, formyl- and related transferase activity	3
	GO:0030407 ! formimidoyltransferase activity	
	GO:0043815 ! phosphoribosylglycinamide formyltransferase 2 activity	
	GO:0044685 ! tetrahydromethanopterin-dependent serine hydroxymethyltransferase activity	
EC:2.3.1 ! transferases, acyltransferases, transferring groups other than amino-acyl groups	GO:0016747 ! transferase activity, transferring acyl groups other than amino-acyl groups	21
	GO:0008374 ! O-acyltransferase activity	
	GO:0008951 ! palmitoleoyl [acyl-carrier-protein]-dependent acyltransferase activity	
	GO:0016407 ! acetyltransferase activity	
	GO:0016408 ! C-acyltransferase activity	
	GO:0016409 ! palmitoyltransferase activity	
	GO:0016410 ! N-acyltransferase activity	
	GO:0016415 ! octanoyltransferase activity	
	GO:0016417 ! S-acyltransferase activity	
	GO:0016420 ! malonyltransferase activity	
	GO:0016748 ! succinyltransferase activity	
	GO:0016752 ! sinapoyltransferase activity	
	GO:0018711 ! benzoyl acetate-CoA thiolase activity	
	GO:0018712 ! 3-hydroxybutyryl-CoA thiolase activity	
	GO:0018713 ! 3-ketopimelyl-CoA thiolase activity	
	GO:0019107 ! myristoyltransferase activity	
	GO:0034848 ! naphthyl-2-oxomethyl-succinyl-CoA succinyl transferase activity	
	GO:0034851 ! 2,4,4-trimethyl-3-oxopentanoyl-CoA 2-C-propanoyl transferase activity	
	GO:0034915 ! 2-methylhexanoyl-CoA C-acetyltransferase activity	
	GO:0034919 ! butyryl-CoA 2-C-propionyltransferase activity	
	GO:0034945 ! 2,6-dimethyl-5-methylene-3-oxo-heptanoyl-CoA C-acetyltransferase activity	
	GO:0043806 ! keto acid formate lyase activity	
EC:2.3.1 ! transferases, acyltransferases, transferring groups other than amino-acyl groups	GO:0016748 ! succinyltransferase activity	3
	GO:0016749 ! N-succinyltransferase activity	
	GO:0016750 ! O-succinyltransferase activity	
	GO:0016751 ! S-succinyltransferase activity	
EC:2.3.1 ! transferases, acyltransferases, transferring groups other than amino-acyl groups	GO:0016752 ! sinapoyltransferase activity	1
	GO:0016753 ! O-sinapoyltransferase activity	
EC:2.4.1 ! transferases, glycosyltransferases, hexosyltransferases	GO:0016758 ! transferase activity, transferring hexosyl groups	10
	GO:0000030 ! mannosyltransferase activity	
	GO:0004576 ! oligosaccharyl transferase activity	
	GO:0008375 ! acetylglucosaminyltransferase activity	
	GO:0008376 ! acetylgalactosaminyltransferase activity	
	GO:0008378 ! galactosyltransferase activity	
	GO:0008417 ! fucosyltransferase activity	
	GO:0008755 ! O antigen polymerase activity	
	GO:0019112 ! phenanthrol glycosyltransferase activity	
	GO:0045140 ! inositol phosphoceramide synthase activity	
	GO:0046527 ! glucosyltransferase activity	
EC:2.4.2 ! transferases, glycosyltransferases, pentosyltransferases	GO:0016763 ! transferase activity, transferring pentosyl groups	6
	GO:0000107 ! imidazoleglycerol-phosphate synthase activity	
	GO:0018071 ! NAD(P)-cysteine ADP-ribosyltransferase activity	
	GO:0018121 ! NAD(P)-asparagine ADP-ribosyltransferase activity	
	GO:0018127 ! NAD(P)-serine ADP-ribosyltransferase activity	
	GO:0043867 ! 7-cyano-7-deazaguanine tRNA-ribosyltransferase activity	
	GO:0044102 ! purine deoxyribosyltransferase activity	
EC:2.5.1 ! transferases, transferring alkyl or aryl groups, other than methyl groups, transferring alkyl or aryl groups, other than methyl groups	GO:0016765 ! transferase activity, transferring alkyl or aryl (other than methyl) groups	6
	GO:0004659 ! prenyltransferase activity	
	GO:0043918 ! cadaverine aminopropyltransferase activity	
	GO:0043919 ! agmatine aminopropyltransferase activity	
	GO:0048045 ! trans-pentaprenyltranstransferase activity	
	GO:0052622 ! ATP dimethylallyltransferase activity	
	GO:0052623 ! ADP dimethylallyltransferase activity	
EC:2.7.1 ! transferases, transferring phosphorus-containing groups, phosphotransferases with an alcohol group as acceptor	GO:0016773 ! phosphotransferase activity, alcohol group as acceptor	16
	GO:0008443 ! phosphofructokinase activity	
	GO:0008819 ! cobinamide kinase activity	
	GO:0016307 ! phosphatidylinositol phosphate kinase activity	
	GO:0018720 ! phenol kinase activity	
	GO:0034071 ! aminoglycoside phosphotransferase activity	
	GO:0043743 ! LPPG:FO 2-phospho-L-lactate transferase activity	
	GO:0043771 ! cytidine kinase activity	
	GO:0043841 ! (S)-lactate 2-kinase activity	
	GO:0043899 ! phosphoserine:homoserine phosphotransferase activity	
	GO:0043915 ! L-seryl-tRNA(Sec) kinase activity	
	GO:0044605 ! phosphocholine transferase activity	
	GO:0051731 ! polynucleotide 5'-hydroxyl-kinase activity	
	GO:0052673 ! prenol kinase activity	
	GO:0052813 ! phosphatidylinositol bisphosphate kinase activity	
	GO:0052836 ! inositol 5-diphosphate pentakisphosphate 5-kinase activity	
	GO:0052839 ! inositol diphosphate tetrakisphosphate kinase activity	
EC:2.7.2 ! transferases, transferring phosphorus-containing groups, phosphotransferases with a carboxy group as acceptor	GO:0016774 ! phosphotransferase activity, carboxyl group as acceptor	1
	GO:0043744 ! N2-acetyl-L-aminoadipate kinase activity	
EC:2.7.4 ! transferases, transferring phosphorus-containing groups, phosphotransferases with a phosphate group as acceptor	GO:0016776 ! phosphotransferase activity, phosphate group as acceptor	2
	GO:0009041 ! uridylate kinase activity	
	GO:0043751 ! polyphosphate:AMP phosphotransferase activity	
EC:2.7.8 ! transferases, transferring phosphorus-containing groups, transferases for other substituted phosphate groups	GO:0016780 ! phosphotransferase activity, for other substituted phosphate groups	3
	GO:0018421 ! UDP-N-acetylglucosamine:serine-protein N-acetylglucosamine-1-phosphotransferase activity	
	GO:0018422 ! GDP-mannose:serine-protein mannose-1-phosphotransferase activity	
	GO:0043761 ! archaetidylserine synthase activity	
EC:2.7.9 ! transferases, transferring phosphorus-containing groups, phosphotransferases with paired acceptors	GO:0016781 ! phosphotransferase activity, paired acceptors	1
	GO:0043749 ! phenol, water dikinase activity	
EC:2.9.1 ! transferases, transferring selenium-containing groups, selenotransferases	GO:0016785 ! transferase activity, transferring selenium-containing groups	1
	GO:0043828 ! tRNA 2-selenouridine synthase activity	
EC:3 ! hydrolases	GO:0016787 ! hydrolase activity	3
	GO:0003923 ! GPI-anchor transamidase activity	
	GO:0052770 ! coenzyme F390-A hydrolase activity	
	GO:0052771 ! coenzyme F390-G hydrolase activity	
EC:3.1 ! hydrolases, acting on ester bonds	GO:0016788 ! hydrolase activity, acting on ester bonds	2
	GO:0004518 ! nuclease activity	
	GO:0042578 ! phosphoric ester hydrolase activity	
EC:3.1.2 ! hydrolases, acting on ester bonds, thiolester hydrolases	GO:0016790 ! thiolester hydrolase activity	4
	GO:0016289 ! CoA hydrolase activity	
	GO:0034843 ! 2-oxoglutaryl-CoA thioesterase activity	
	GO:0034869 ! 2,4,4-trimethyl-3-oxopentanoyl-CoA thioesterase activity	
	GO:0034946 ! 3-isopropylbut-3-enoyl-CoA thioesterase activity	
EC:3.1.3 ! hydrolases, acting on ester bonds, phosphoric monoester hydrolases	GO:0016791 ! phosphatase activity	4
	GO:0008969 ! phosphohistidine phosphatase activity	
	GO:0019178 ! NADP phosphatase activity	
	GO:0043726 ! 5-amino-6-(5-phosphoribitylamino)uracil phosphatase activity	
	GO:0052745 ! inositol phosphate phosphatase activity	
EC:3.2.2 ! hydrolases, glycosylases, hydrolyzing n-glycosyl compounds	GO:0016799 ! hydrolase activity, hydrolyzing N-glycosyl compounds	4
	GO:0019104 ! DNA N-glycosylase activity	
	GO:0070635 ! nicotinamide riboside hydrolase activity	
	GO:0070636 ! nicotinic acid riboside hydrolase activity	
	GO:0070694 ! deoxyribonucleoside 5'-monophosphate N-glycosidase activity	
EC:3.3.2 ! hydrolases, acting on ether bonds, ether hydrolases	GO:0016803 ! ether hydrolase activity	1
	GO:0034926 ! pyrene-4,5-epoxide hydrolase activity	
EC:3.5.1 ! hydrolases, acting on carbon-nitrogen bonds, other than peptide bonds, in linear amides	GO:0016811 ! hydrolase activity, acting on carbon-nitrogen (but not peptide) bonds, in linear amides	16
	GO:0008418 ! protein-N-terminal asparagine amidohydrolase activity	
	GO:0008759 ! UDP-3-O-[3-hydroxymyristoyl] N-acetylglucosamine deacetylase activity	
	GO:0018748 ! iprodione amidohydrolase activity	
	GO:0018749 ! (3,5-dichlorophenylurea)acetate amidohydrolase activity	
	GO:0034571 ! 4'-(2-hydroxyisopropyl)phenylurea amidohydrolase activity	
	GO:0034573 ! didemethylisoproturon amidohydrolase activity	
	GO:0034576 ! N-isopropylacetanilide amidohydrolase activity	
	GO:0034781 ! N-cyclohexylformamide amidohydrolase activity	
	GO:0034876 ! isonicotinic acid hydrazide hydrolase activity	
	GO:0034882 ! cis-aconitamide amidase activity	
	GO:0034885 ! gamma-N-formylaminovinylacetate hydrolase activity	
	GO:0043747 ! N2-acetyl-L-lysine deacetylase activity	
	GO:0043864 ! indoleacetamide hydrolase activity	
	GO:0043909 ! N-acetylcitrulline deacetylase activity	
	GO:0047419 ! N-acetylgalactosamine-6-phosphate deacetylase activity	
	GO:0052773 ! diacetylchitobiose deacetylase activity	
EC:3.5.2 ! hydrolases, acting on carbon-nitrogen bonds, other than peptide bonds, in cyclic amides	GO:0016812 ! hydrolase activity, acting on carbon-nitrogen (but not peptide) bonds, in cyclic amides	6
	GO:0018751 ! 3,5-dichlorophenylcarboximide hydrolase activity	
	GO:0018752 ! epsilon-caprolactam lactamase activity	
	GO:0034881 ! citrazinate hydrolase activity	
	GO:0034940 ! 5-oxo-4,5-dihydropyrrole-2-carboxylate amidase activity	
	GO:0043804 ! imidazolone hydrolase activity	
	GO:0043836 ! xanthine hydrolase activity	
EC:3.5.3 ! hydrolases, acting on carbon-nitrogen bonds, other than peptide bonds, in linear amidines	GO:0016813 ! hydrolase activity, acting on carbon-nitrogen (but not peptide) bonds, in linear amidines	8
	GO:0018754 ! ammelide aminohydrolase activity	
	GO:0018755 ! 2-chloro-4-hydroxy-6-amino-1,3,5-triazine aminohydrolase activity	
	GO:0018756 ! ammeline aminohydrolase activity	
	GO:0018757 ! deisopropylhydroxyatrazine aminohydrolase activity	
	GO:0018758 ! 2,4-dihydroxy-6-(N'-ethyl)amino-1,3,5-triazine aminohydrolase activity	
	GO:0043730 ! 5-ureido-4-imidazole carboxylate hydrolase activity	
	GO:0043920 ! aminopropylagmatine ureohydrolase activity	
	GO:0071522 ! ureidoglycine aminohydrolase activity	
EC:3.5.4 ! hydrolases, acting on carbon-nitrogen bonds, other than peptide bonds, in cyclic amidines	GO:0016814 ! hydrolase activity, acting on carbon-nitrogen (but not peptide) bonds, in cyclic amidines	4
	GO:0034547 ! N-cyclopropylmelamine deaminase activity	
	GO:0034548 ! N-cyclopropylammeline deaminase activity	
	GO:0034549 ! N-cyclopropylammelide alkylamino hydrolase activity	
	GO:0043723 ! 2,5-diamino-6-ribitylamino-4(3H)-pyrimidinone 5'-phosphate deaminase activity	
EC:3.6.1 ! hydrolases, acting on acid anhydrides, in phosphorus-containing anhydrides	GO:0016818 ! hydrolase activity, acting on acid anhydrides, in phosphorus-containing anhydrides	3
	GO:0016462 ! pyrophosphatase activity	
	GO:0019176 ! dihydroneopterin monophosphate phosphatase activity	
	GO:0044606 ! phosphocholine hydrolase activity	
EC:3.6.3 ! hydrolases, acting on acid anhydrides, acting on acid anhydrides; catalyzing transmembrane movement of substances	GO:0016820 ! hydrolase activity, acting on acid anhydrides, catalyzing transmembrane movement of substances	1
	GO:0103116 ! alpha-D-galactofuranose transporter activity	
EC:3.7.1 ! hydrolases, acting on carbon-carbon bonds, in ketonic substances	GO:0016823 ! hydrolase activity, acting on acid carbon-carbon bonds, in ketonic substances	17
	GO:0018736 ! 6-oxo-2-hydroxycyclohexane-1-carboxyl-CoA hydrolase activity	
	GO:0018737 ! 2-ketocyclohexane-1-carboxyl-CoA hydrolase activity	
	GO:0018765 ! 2-hydroxy-6-oxohepta-2,4-dienoate hydrolase activity	
	GO:0018766 ! dihydrophloroglucinol hydrolase activity	
	GO:0018767 ! 2-hydroxy-6-oxo-7-methylocta-2,4-dienoate hydrolase activity	
	GO:0018768 ! 2-hydroxy-6-oxo-6-(2'-aminophenyl)hexa-2,4-dienoate hydrolase activity	
	GO:0018769 ! 2-hydroxy-6-oxoocta-2,4-dienoate hydrolase activity	
	GO:0018770 ! 6-oxo-2-hydroxy-7-(4'-chlorophenyl)-3,8,8-trichloroocta-2E,4E,7-trienoate hydrolase activity	
	GO:0018772 ! trioxoheptanoate hydrolase activity	
	GO:0034545 ! fumarylpyruvate hydrolase activity	
	GO:0034779 ! 4-isopropenyl-2-ketocyclohexane-1-carboxyl-CoA hydrolase activity	
	GO:0034789 ! 2-hydroxy-6-oxo-6-(2-carboxyphenyl)-hexa-2,4-dienoate hydrolase activity	
	GO:0034801 ! 2,4-dinitrocyclohexanone hydrolase activity	
	GO:0034820 ! 4,9-DSHA hydrolase activity	
	GO:0034828 ! 4-(2-oxocyclohexyl)-2-hydroxy-buta-2,4-dienoate hydrolase activity	
	GO:0034910 ! 6-hydroxy-3-succinoylpyridine hydrolase activity	
	GO:0034948 ! 2,6-dihydroxypseudooxynicotine hydrolase activity	
EC:4 ! lyases	GO:0016829 ! lyase activity	1
	GO:0043729 ! 2-amino-5-formylamino-6-(5-phosphoribosylamino)pyrimidin-4(3H)-one formate-lyase activity	
EC:4.1.1 ! lyases, carbon-carbon lyases, carboxy-lyases	GO:0016831 ! carboxy-lyase activity	19
	GO:0004611 ! phosphoenolpyruvate carboxykinase activity	
	GO:0008488 ! gamma-glutamyl carboxylase activity	
	GO:0008694 ! 3-octaprenyl-4-hydroxybenzoate carboxy-lyase activity	
	GO:0018791 ! 2-hydroxy-3-carboxy-6-oxo-7-methylocta-2,4-dienoate decarboxylase activity	
	GO:0018792 ! bis(4-chlorophenyl)acetate decarboxylase activity	
	GO:0018793 ! 3,5-dibromo-4-hydroxybenzoate decarboxylase activity	
	GO:0018794 ! 2-hydroxyisobutyrate decarboxylase activity	
	GO:0018795 ! 2-hydroxy-2-methyl-1,3-dicarbonate decarboxylase activity	
	GO:0034524 ! 2-hydroxyisophthalate decarboxylase activity	
	GO:0034782 ! dimethylmalonate decarboxylase activity	
	GO:0034853 ! 2,4,4-trimethyl-3-oxopentanoate decarboxylase activity	
	GO:0034854 ! 4,4-dimethyl-3-oxopentanoate decarboxylase activity	
	GO:0034879 ! 2,3,6-trihydroxyisonicotinate decarboxylase activity	
	GO:0034923 ! phenanthrene-4,5-dicarboxylate decarboxylase activity	
	GO:0034941 ! pyrrole-2-carboxylate decarboxylase activity	
	GO:0034947 ! terephthalate decarboxylase activity	
	GO:0034952 ! malonate semialdehyde decarboxylase activity	
	GO:0043727 ! 5-amino-4-imidazole carboxylate lyase activity	
	GO:0051997 ! 2-oxo-4-hydroxy-4-carboxy-5-ureidoimidazoline decarboxylase activity	
EC:4.1.2 ! lyases, carbon-carbon lyases, aldehyde-lyases	GO:0016832 ! aldehyde-lyase activity	6
	GO:0034529 ! 2-hydroxy-3-carboxy-benzalpyruvate hydratase-aldolase activity	
	GO:0034531 ! 2-hydroxy-4-hydroxymethylbenzalpyruvate hydratase-aldolase activity	
	GO:0034537 ! 2-hydroxy-3-methylbenzalpyruvate hydratase-aldolase activity	
	GO:0043801 ! hexulose-6-phosphate synthase activity	
	GO:0043863 ! 4-hydroxy-2-ketopimelate aldolase activity	
	GO:0043876 ! D-threonine aldolase activity	
EC:4.1.3 ! lyases, carbon-carbon lyases, oxo-acid-lyases	GO:0016833 ! oxo-acid-lyase activity	6
	GO:0034815 ! cis-4-(8-hydroxypyren-7-yl)-2-oxobut-3-enoate lyase activity	
	GO:0034830 ! (2Z)-2,4-dihydroxydec-2-enedioate aldolase activity	
	GO:0034905 ! 5-chloro-4-hydroxy-2-oxopentanate aldolase activity	
	GO:0043904 ! isochorismate pyruvate lyase activity	
	GO:0043959 ! L-erythro-3-methylmalyl-CoA lyase activity	
	GO:0044101 ! (R)-citramalyl-CoA lyase activity	
EC:4.2.1 ! lyases, carbon-oxygen lyases, hydro-lyases	GO:0016836 ! hydro-lyase activity	34
	GO:0008659 ! (3R)-hydroxymyristoyl-[acyl-carrier-protein] dehydratase activity	
	GO:0018807 ! 6-hydroxycyclohex-1-ene-1-carboxyl-CoA hydratase activity	
	GO:0018808 ! trans-4-(1'-hydroxynaphth-2'-yl)-2-oxobut-3-enoate hydratase-aldolase activity	
	GO:0018809 ! E-phenylitaconyl-CoA hydratase activity	
	GO:0018810 ! trans-4-[2-(3-hydroxy)-thionaphthenyl]-2-oxo-3-butenoate hydratase activity	
	GO:0018811 ! cyclohex-1-ene-1-carboxyl-CoA hydratase activity	
	GO:0018812 ! 3-hydroxyacyl-CoA dehydratase activity	
	GO:0018813 ! trans-o-hydroxybenzylidenepyruvate hydratase-aldolase activity	
	GO:0018815 ! 3-methyl-5-hydroxy-6-(3-carboxy-3-oxopropenyl)-1H-2-pyridon hydratase-aldolase activity	
	GO:0018816 ! 2-hydroxyisobutyrate dehydratase activity	
	GO:0018817 ! 2-oxo-hept-3-ene-1,7-dioate hydratase activity	
	GO:0034561 ! 1,2-bis(4-hydroxyphenyl)-2-proponol dehydratase activity	
	GO:0034578 ! limonene 8-hydratase activity	
	GO:0034581 ! 4-methyloct-2-enoyl-CoA hydratase activity	
	GO:0034829 ! 2-hydroxydec-2,4-diene-1,10-dioate hydratase activity	
	GO:0034839 ! menth-2-enone hydratase activity	
	GO:0034846 ! naphthyl-2-methylene-succinyl-CoA lyase activity	
	GO:0034856 ! 2-hydroxyhexa-2,4-dienoate hydratase activity	
	GO:0034867 ! 2,4,4-trimethylpent-2-enoyl-CoA hydratase activity	
	GO:0034890 ! endosulfan diol hydrolyase (cyclizing) activity	
	GO:0034904 ! 5-chloro-2-oxopent-4-enoate hydratase activity	
	GO:0034917 ! 2-methylhex-2-enoyl-CoA hydratase activity	
	GO:0034953 ! perillyl-CoA hydratase activity	
	GO:0043724 ! 2-keto-3-deoxygalactonate aldolase activity	
	GO:0043725 ! 2-keto-3-deoxygluconate aldolase activity	
	GO:0043956 ! 3-hydroxypropionyl-CoA dehydratase activity	
	GO:0043960 ! L-erythro-3-methylmalyl-CoA dehydratase activity	
	GO:0046565 ! 3-dehydroshikimate dehydratase activity	
	GO:0051909 ! acetylenecarboxylate hydratase activity, producing 3-hydroxypropenoate	
	GO:0052684 ! L-serine hydro-lyase (adding indole, L-tryptophan-forming) activity	
	GO:0052855 ! ADP-dependent NAD(P)H-hydrate dehydratase activity	
	GO:0070497 ! 6-carboxy-5,6,7,8-tetrahydropterin synthase activity	
	GO:0102643 ! scalarane-17alpha-19-diol synthase activity	
	GO:0102644 ! monocyclic sesterterpenediol synthase activity	
EC:4.2.2 ! lyases, carbon-oxygen lyases, acting on polysaccharides	GO:0016837 ! carbon-oxygen lyase activity, acting on polysaccharides	2
	GO:0052762 ! gellan lyase activity	
	GO:0052764 ! exo-oligoalginate lyase activity	
EC:4.2.3 ! lyases, carbon-oxygen lyases, acting on phosphates	GO:0016838 ! carbon-oxygen lyase activity, acting on phosphates	2
	GO:0034768 ! (E)-beta-ocimene synthase activity	
	GO:0102356 ! isoitalicene synthase activity	
EC:4.3.3 ! lyases, carbon-nitrogen lyases, amine-lyases	GO:0016843 ! amine-lyase activity	1
	GO:0018825 ! triethanolamine lyase activity	
EC:5 ! isomerases	GO:0016853 ! isomerase activity	3
	GO:0008719 ! dihydroneopterin triphosphate 2'-epimerase activity	
	GO:0009385 ! N-acylmannosamine-6-phosphate 2-epimerase activity	
	GO:0043800 ! hexulose-6-phosphate isomerase activity	
EC:5.1 ! isomerases, racemases and epimerases	GO:0016854 ! racemase and epimerase activity	2
	GO:0052856 ! NADHX epimerase activity	
	GO:0052857 ! NADPHX epimerase activity	
EC:5.1.2 ! isomerases, racemases and epimerases, acting on hydroxy acids and derivatives	GO:0016856 ! racemase and epimerase activity, acting on hydroxy acids and derivatives	1
	GO:0018837 ! 2-hydroxy-2H-benzo[h]chromene-2-carboxylate isomerase activity	
EC:5.1.3 ! isomerases, racemases and epimerases, acting on carbohydrates and derivatives	GO:0016857 ! racemase and epimerase activity, acting on carbohydrates and derivatives	1
	GO:0036373 ! L-fucose mutarotase activity	
EC:5.3.1 ! isomerases, intramolecular oxidoreductases, interconverting aldoses and ketoses	GO:0016861 ! intramolecular oxidoreductase activity, interconverting aldoses and ketoses	3
	GO:0008786 ! allose 6-phosphate isomerase activity	
	GO:0043877 ! galactosamine-6-phosphate isomerase activity	
	GO:0043917 ! ribose 1,5-bisphosphate isomerase activity	
EC:5.3.2 ! isomerases, intramolecular oxidoreductases, interconverting keto- and enol-groups	GO:0016862 ! intramolecular oxidoreductase activity, interconverting keto- and enol-groups	3
	GO:0034799 ! dihydride TNP tautomerase activity	
	GO:0034939 ! 5-hydroxypyrrole-2-carboxylate tautomerase activity	
	GO:0043715 ! 2,3-diketo-5-methylthiopentyl-1-phosphate enolase activity	
EC:5.3.3 ! isomerases, intramolecular oxidoreductases, transposing c=c bonds	GO:0016863 ! intramolecular oxidoreductase activity, transposing C=C bonds	3
	GO:0000247 ! C-8 sterol isomerase activity	
	GO:0018842 ! 3-carboxymuconate cycloisomerase type II activity	
	GO:0051750 ! delta3,5-delta2,4-dienoyl-CoA isomerase activity	
EC:5.4.1 ! isomerases, intramolecular transferases, transferring acyl groups	GO:0016867 ! intramolecular transferase activity, transferring acyl groups	1
	GO:0043778 ! cobalt-precorrin-8 methylmutase activity	
EC:6.1.1 ! ligases, forming carbon-oxygen bonds, ligases forming aminoacyl-trna and related compounds	GO:0016876 ! ligase activity, forming aminoacyl-tRNA and related compounds	1
	GO:0004812 ! aminoacyl-tRNA ligase activity	
EC:6.2 ! ligases, forming carbon-sulfur bonds	GO:0016877 ! ligase activity, forming carbon-sulfur bonds	2
	GO:0034797 ! fosfomycin 2-glutathione ligase activity	
	GO:0034798 ! fosfomycin 2-L-cysteine ligase activity	
EC:6.2.1 ! ligases, forming carbon-sulfur bonds, acid--thiol ligases	GO:0016878 ! acid-thiol ligase activity	24
	GO:0003996 ! acyl-CoA ligase activity	
	GO:0004774 ! succinate-CoA ligase activity	
	GO:0018854 ! 3-isopropenyl-6-oxoheptanoyl-CoA synthetase activity	
	GO:0018855 ! 2-oxo-delta3-4,5,5-trimethylcyclopentenylacetyl-CoA synthetase activity	
	GO:0018856 ! benzoyl acetate-CoA ligase activity	
	GO:0018857 ! 2,4-dichlorobenzoate-CoA ligase activity	
	GO:0034783 ! pivalate-CoA ligase activity	
	GO:0034793 ! cyclopropanecarboxylate-CoA ligase activity	
	GO:0034796 ! adipate-CoA ligase activity	
	GO:0034823 ! citronellyl-CoA ligase activity	
	GO:0034841 ! mentha-1,3-dione-CoA ligase activity	
	GO:0034842 ! thiophene-2-carboxylate-CoA ligase activity	
	GO:0034865 ! 2,4,4-trimethylpentanoate-CoA ligase activity	
	GO:0034942 ! cis-2-methyl-5-isopropylhexa-2,5-dienoate-CoA ligase activity	
	GO:0034943 ! trans-2-methyl-5-isopropylhexa-2,5-dienoate-CoA ligase activity	
	GO:0043759 ! branched-chain acyl-CoA synthetase (ADP-forming) activity	
	GO:0043762 ! aryl-CoA synthetase (ADP-forming) activity	
	GO:0043955 ! 3-hydroxypropionyl-CoA synthetase activity	
	GO:0052685 ! perillic acid:CoA ligase (ADP-forming) activity	
	GO:0052686 ! perillic acid:CoA ligase (AMP-forming) activity	
	GO:0052687 ! (3R)-3-isopropenyl-6-oxoheptanoate:CoA ligase (ADP-forming) activity	
	GO:0052688 ! (3R)-3-isopropenyl-6-oxoheptanoate:CoA ligase (AMP-forming) activity	
	GO:0070251 ! pristanate-CoA ligase activity	
	GO:0090409 ! malonyl-CoA synthetase activity	
EC:6.3.1 ! ligases, forming carbon-nitrogen bonds, acid--ammonia (or amine) ligases (amide synthases)	GO:0016880 ! acid-ammonia (or amide) ligase activity	1
	GO:0016211 ! ammonia ligase activity	
EC:6.3.2 ! ligases, forming carbon-nitrogen bonds, acid--amino-acid ligases (peptide synthases)	GO:0016881 ! acid-amino acid ligase activity	5
	GO:0008766 ! UDP-N-acetylmuramoylalanyl-D-glutamyl-2,6-diaminopimelate-D-alanyl-D-alanine ligase activity	
	GO:0043773 ! coenzyme F420-0 gamma-glutamyl ligase activity	
	GO:0043774 ! coenzyme F420-2 alpha-glutamyl ligase activity	
	GO:0070735 ! protein-glycine ligase activity	
	GO:0070739 ! protein-glutamic acid ligase activity	
EC:6.3.5 ! ligases, forming carbon-nitrogen bonds, carbon--nitrogen ligases with glutamine as amido-n-donor	GO:0016884 ! carbon-nitrogen ligase activity, with glutamine as amido-N-donor	1
	GO:0043775 ! cobyrinate a,c-diamide synthase activity	
EC:3.1.11	GO:0016895 ! exodeoxyribonuclease activity, producing 5'-phosphomonoesters	1
	GO:0008856 ! exodeoxyribonuclease X activity	
EC:3.1.13	GO:0016896 ! exoribonuclease activity, producing 5'-phosphomonoesters	2
	GO:0000175 ! 3'-5'-exoribonuclease activity	
	GO:0004534 ! 5'-3' exoribonuclease activity	
EC:1.1.3 ! oxidoreductases, acting on the ch-oh group of donors, with oxygen as acceptor	GO:0016899 ! oxidoreductase activity, acting on the CH-OH group of donors, oxygen as acceptor	1
	GO:0046563 ! methanol oxidase activity	
EC:1.2 ! oxidoreductases, acting on the aldehyde or oxo group of donors	GO:0016903 ! oxidoreductase activity, acting on the aldehyde or oxo group of donors	6
	GO:0018469 ! myrtenal dehydrogenase activity	
	GO:0018470 ! 4-hydroxybutaraldehyde dehydrogenase activity	
	GO:0034852 ! 4,4-dimethyl-3-oxopentanal dehydrogenase activity	
	GO:0034864 ! 2,4,4-trimethylpentanal dehydrogenase activity	
	GO:0051268 ! alpha-keto amide reductase activity	
	GO:0051269 ! alpha-keto ester reductase activity	
EC:2.7.11	GO:0016909 ! SAP kinase activity	1
	GO:0004705 ! JUN kinase activity	
EC:3.6.1.6 ! Nucleoside diphosphate phosphatase. activity	GO:0017110 ! nucleoside-diphosphatase activity	1
	GO:0045134 ! uridine-diphosphatase activity	
EC:6.3.4 ! ligases, forming carbon-nitrogen bonds, other carbon--nitrogen ligases	GO:0018271 ! biotin-protein ligase activity	1
	GO:0071734 ! biotin-[pyruvate-carboxylase] ligase activity	
MetaCyc:BIOTINLIG-RXN	GO:0018271 ! biotin-protein ligase activity	1
	GO:0004077 ! biotin-[acetyl-CoA-carboxylase] ligase activity	
EC:4.2.1.84 ! Nitrile hydratase. activity	GO:0018822 ! nitrile hydratase activity	1
	GO:0080109 ! indole-3-acetonitrile nitrile hydratase activity	
EC:2.3.1 ! transferases, acyltransferases, transferring groups other than amino-acyl groups	GO:0019105 ! N-palmitoyltransferase activity	1
	GO:0018031 ! peptidyl-lysine N6-palmitoyltransferase activity	
EC:2.3.1 ! transferases, acyltransferases, transferring groups other than amino-acyl groups	GO:0019107 ! myristoyltransferase activity	2
	GO:0018030 ! peptidyl-lysine N6-myristoyltransferase activity	
	GO:0019705 ! protein-cysteine S-myristoyltransferase activity	
EC:2.8.2 ! transferases, transferring sulfur-containing groups, sulfotransferases	GO:0019111 ! phenanthrol sulfotransferase activity	5
	GO:0018722 ! 1-phenanthrol sulfotransferase activity	
	GO:0018723 ! 3-phenanthrol sulfotransferase activity	
	GO:0018724 ! 4-phenanthrol sulfotransferase activity	
	GO:0018726 ! 9-phenanthrol sulfotransferase activity	
	GO:0018727 ! 2-phenanthrol sulfotransferase activity	
EC:2.4.1 ! transferases, glycosyltransferases, hexosyltransferases	GO:0019112 ! phenanthrol glycosyltransferase activity	2
	GO:0018716 ! 1-phenanthrol glycosyltransferase activity	
	GO:0018717 ! 9-phenanthrol glycosyltransferase activity	
EC:1.13.11	GO:0019117 ! dihydroxyfluorene dioxygenase activity	2
	GO:0018557 ! 1,2-dihydroxyfluorene 1,1-alpha-dioxygenase activity	
	GO:0018562 ! 3,4-dihydroxyfluorene 4,4-alpha-dioxygenase activity	
EC:3.3.2 ! hydrolases, acting on ether bonds, ether hydrolases	GO:0019118 ! phenanthrene-epoxide hydrolase activity	3
	GO:0018746 ! phenanthrene-3,4-epoxide hydrolase activity	
	GO:0018747 ! phenanthrene-1,2-epoxide hydrolase activity	
	GO:0019119 ! phenanthrene-9,10-epoxide hydrolase activity	
EC:3.3.2 ! hydrolases, acting on ether bonds, ether hydrolases	GO:0019119 ! phenanthrene-9,10-epoxide hydrolase activity	2
	GO:0018743 ! phenanthrene-9,10-epoxide hydrolase (9R,10R-forming) activity	
	GO:0018863 ! phenanthrene-9,10-epoxide hydrolase (9S,10S-forming) activity	
EC:3.8.1 ! hydrolases, acting on halide bonds, in c-halide compounds	GO:0019120 ! hydrolase activity, acting on acid halide bonds, in C-halide compounds	7
	GO:0018776 ! trans-chloroacrylic acid dehalogenase activity	
	GO:0018777 ! 1,3,4,6-tetrachloro-1,4-cyclohexadiene halidohydrolase activity	
	GO:0018778 ! DL-2 haloacid dehalogenase activity	
	GO:0018780 ! dichloroacetate halidohydrolase activity	
	GO:0018781 ! S-triazine hydrolase activity	
	GO:0018782 ! cis-chloroacrylic acid dehalogenase activity	
	GO:0018783 ! deisopropyldeethylatrazine hydrolase activity	
EC:4.2.1.59 ! 3-hydroxyacyl-[acyl-carrier-protein] dehydratase. activity	GO:0019171 ! 3-hydroxyacyl-[acyl-carrier-protein] dehydratase activity	1
	GO:0047451 ! 3-hydroxyoctanoyl-[acyl-carrier-protein] dehydratase activity	
EC:4.5.1 ! lyases, carbon-halide lyases, carbon-halide lyases	GO:0019181 ! halohydrin hydrogen-halide-lyase activity	2
	GO:0018828 ! halohydrin hydrogen-halide-lyase A activity	
	GO:0018832 ! halohydrin hydrogen-halide-lyase B activity	
EC:2.7.11	GO:0019199 ! transmembrane receptor protein kinase activity	1
	GO:0004675 ! transmembrane receptor protein serine/threonine kinase activity	
EC:2.3.1 ! transferases, acyltransferases, transferring groups other than amino-acyl groups	GO:0019707 ! protein-cysteine S-acyltransferase activity	1
	GO:0019705 ! protein-cysteine S-myristoyltransferase activity	
EC:2.3.1 ! transferases, acyltransferases, transferring groups other than amino-acyl groups	GO:0030523 ! dihydrolipoamide S-acyltransferase activity	1
	GO:0004147 ! dihydrolipoamide branched chain acyltransferase activity	
EC:1.17.5	GO:0033695 ! oxidoreductase activity, acting on CH or CH2 groups, quinone or similar compound as acceptor	1
	GO:0034875 ! caffeine oxidase activity	
EC:1.1.1 ! oxidoreductases, acting on the ch-oh group of donors, with nad(+) or nadp(+) as acceptor	GO:0033764 ! steroid dehydrogenase activity, acting on the CH-OH group of donors, NAD or NADP as acceptor	1
	GO:0035410 ! dihydrotestosterone 17-beta-dehydrogenase activity	
EC:1.2.1 ! oxidoreductases, acting on the aldehyde or oxo group of donors, with nad(+) or nadp(+) as acceptor	GO:0034603 ! pyruvate dehydrogenase [NAD(P)+] activity	1
	GO:0034604 ! pyruvate dehydrogenase (NAD+) activity	
MetaCyc:3.4.11.4-RXN	GO:0034701 ! tripeptidase activity	1
	GO:0045148 ! tripeptide aminopeptidase activity	
MetaCyc:PHENOL-BETA-GLUCOSYLTRANSFERASE-RXN	GO:0035251 ! UDP-glucosyltransferase activity	1
	GO:0050171 ! phenol beta-glucosyltransferase activity	
EC:2.7.1 ! transferases, transferring phosphorus-containing groups, phosphotransferases with an alcohol group as acceptor	GO:0042556 ! eukaryotic elongation factor-2 kinase regulator activity	1
	GO:0042557 ! eukaryotic elongation factor-2 kinase activator activity	
EC:2.4.1 ! transferases, glycosyltransferases, hexosyltransferases	GO:0046527 ! glucosyltransferase activity	5
	GO:0004583 ! dolichyl-phosphate-glucose-glycolipid alpha-glucosyltransferase activity	
	GO:0016759 ! cellulose synthase activity	
	GO:0033556 ! dolichyl pyrophosphate Man7GlcNAc2 alpha-1,3-glucosyltransferase activity	
	GO:0042281 ! dolichyl pyrophosphate Man9GlcNAc2 alpha-1,3-glucosyltransferase activity	
	GO:0042283 ! dolichyl pyrophosphate Glc1Man9GlcNAc2 alpha-1,3-glucosyltransferase activity	
EC:1.7.1 ! oxidoreductases, acting on other nitrogenous compounds as donors, with nad(+) or nadp(+) as acceptor	GO:0046857 ! oxidoreductase activity, acting on other nitrogenous compounds as donors, with NAD or NADP as acceptor	1
	GO:0034957 ! 3-nitrophenol nitroreductase activity	
EC:2.3.3 ! transferases, acyltransferases, acyl groups converted into alkyl groups on transfer	GO:0046912 ! transferase activity, transferring acyl groups, acyl groups converted into alkyl on transfer	2
	GO:0010177 ! 2-(2'-methylthio)ethylmalate synthase activity	
	GO:0043714 ! (R)-citramalate synthase activity	
EC:2.4.1.48 ! Heteroglycan alpha-mannosyltransferase. activity	GO:0047264 ! heteroglycan alpha-mannosyltransferase activity	2
	GO:0052818 ! heteroglycan 3-alpha-mannosyltransferase activity	
	GO:0052819 ! heteroglycan 2-alpha-mannosyltransferase activity	
EC:3.1.2 ! hydrolases, acting on ester bonds, thiolester hydrolases	GO:0047617 ! acyl-CoA hydrolase activity	1
	GO:0044466 ! glutaryl-CoA hydrolase activity	
EC:1.6.3 ! oxidoreductases, acting on nadh or nadph, with oxygen as acceptor	GO:0050664 ! oxidoreductase activity, acting on NAD(P)H, oxygen as acceptor	1
	GO:0016175 ! superoxide-generating NADPH oxidase activity	
EC:2.7.1 ! transferases, transferring phosphorus-containing groups, phosphotransferases with an alcohol group as acceptor	GO:0051731 ! polynucleotide 5'-hydroxyl-kinase activity	2
	GO:0051734 ! ATP-dependent polynucleotide kinase activity	
	GO:0051735 ! GTP-dependent polynucleotide kinase activity	
MetaCyc:1.11.1.15-RXN	GO:0051920 ! peroxiredoxin activity	1
	GO:0033196 ! tryparedoxin peroxidase activity	
EC:2.1.1 ! transferases, transferring one-carbon groups, methyltransferases	GO:0051995 ! Se-methyltransferase activity	1
	GO:0016205 ! selenocysteine methyltransferase activity	
EC:1.1.5.3 ! Glycerol-3-phosphate dehydrogenase. activity	GO:0052590 ! sn-glycerol-3-phosphate:ubiquinone oxidoreductase activity	1
	GO:0052591 ! sn-glycerol-3-phosphate:ubiquinone-8 oxidoreductase activity	
EC:1.7.3.1 ! Nitroalkane oxidase. activity	GO:0052664 ! nitroalkane oxidase activity	1
	GO:0050141 ! nitroethane oxidase activity	
EC:2.7.1 ! transferases, transferring phosphorus-containing groups, phosphotransferases with an alcohol group as acceptor	GO:0052668 ! farnesol kinase activity	1
	GO:0052669 ! CTP:2-trans,-6-trans-farnesol kinase activity	
EC:2.7.1 ! transferases, transferring phosphorus-containing groups, phosphotransferases with an alcohol group as acceptor	GO:0052671 ! geranylgeraniol kinase activity	1
	GO:0052672 ! CTP:geranylgeraniol kinase activity	
EC:2.7.1 ! transferases, transferring phosphorus-containing groups, phosphotransferases with an alcohol group as acceptor	GO:0052673 ! prenol kinase activity	3
	GO:0052668 ! farnesol kinase activity	
	GO:0052670 ! geraniol kinase activity	
	GO:0052671 ! geranylgeraniol kinase activity	
EC:3.1.1 ! hydrolases, acting on ester bonds, carboxylic ester hydrolases	GO:0052689 ! carboxylic ester hydrolase activity	13
	GO:0018731 ! 1-oxa-2-oxocycloheptane lactonase activity	
	GO:0018732 ! sulfolactone hydrolase activity	
	GO:0018733 ! 3,4-dihydrocoumarin hydrolase activity	
	GO:0018734 ! butyrolactone hydrolase activity	
	GO:0034892 ! endosulfan lactone lactonase activity	
	GO:0035460 ! L-ascorbate 6-phosphate lactonase activity	
	GO:0043905 ! Ser-tRNA(Thr) hydrolase activity	
	GO:0043908 ! Ser(Gly)-tRNA(Ala) hydrolase activity	
	GO:0047376 ! all-trans-retinyl-palmitate hydrolase, all-trans-retinol forming activity	
	GO:0050253 ! retinyl-palmitate esterase activity	
	GO:0080030 ! methyl indole-3-acetate esterase activity	
	GO:0080031 ! methyl salicylate esterase activity	
	GO:0080032 ! methyl jasmonate esterase activity	
EC:3.1.4 ! hydrolases, acting on ester bonds, phosphoric diester hydrolases	GO:0052712 ! inositol phosphosphingolipid phospholipase activity	1
	GO:0052713 ! inositol phosphorylceramide phospholipase activity	
EC:3.1.4 ! hydrolases, acting on ester bonds, phosphoric diester hydrolases	GO:0052713 ! inositol phosphorylceramide phospholipase activity	2
	GO:0052714 ! mannosyl-inositol phosphorylceramide phospholipase activity	
	GO:0052715 ! mannosyl-diinositol phosphorylceramide phospholipase activity	
EC:3.1.3 ! hydrolases, acting on ester bonds, phosphoric monoester hydrolases	GO:0052745 ! inositol phosphate phosphatase activity	1
	GO:0016312 ! inositol bisphosphate phosphatase activity	
EC:2.7.1 ! transferases, transferring phosphorus-containing groups, phosphotransferases with an alcohol group as acceptor	GO:0052813 ! phosphatidylinositol bisphosphate kinase activity	1
	GO:0052812 ! phosphatidylinositol-3,4-bisphosphate 5-kinase activity	
EC:3.1.3.25 ! Inositol-phosphate phosphatase. activity	GO:0052834 ! inositol monophosphate phosphatase activity	3
	GO:0008934 ! inositol monophosphate 1-phosphatase activity	
	GO:0052832 ! inositol monophosphate 3-phosphatase activity	
	GO:0052833 ! inositol monophosphate 4-phosphatase activity	
EC:3.6.1.52 ! Diphosphoinositol-polyphosphate diphosphatase. activity	GO:0052841 ! inositol bisdiphosphate tetrakisphosphate diphosphatase activity	3
	GO:0052846 ! inositol-1,5-bisdiphosphate-2,3,4,6-tetrakisphosphate 1-diphosphatase activity	
	GO:0052847 ! inositol-1,5-bisdiphosphate-2,3,4,6-tetrakisphosphate 5-diphosphatase activity	
	GO:0052848 ! inositol-3,5-bisdiphosphate-2,3,4,6-tetrakisphosphate 5-diphosphatase activity	
EC:3.6.1.52 ! Diphosphoinositol-polyphosphate diphosphatase. activity	GO:0052842 ! inositol diphosphate pentakisphosphate diphosphatase activity	3
	GO:0052843 ! inositol-1-diphosphate-2,3,4,5,6-pentakisphosphate diphosphatase activity	
	GO:0052844 ! inositol-3-diphosphate-1,2,4,5,6-pentakisphosphate diphosphatase activity	
	GO:0052845 ! inositol-5-diphosphate-1,2,3,4,6-pentakisphosphate diphosphatase activity	
EC:1.14.13.30 ! Leukotriene-B(4) 20-monooxygenase. activity	GO:0052870 ! tocopherol omega-hydroxylase activity	1
	GO:0052871 ! alpha-tocopherol omega-hydroxylase activity	
EC:4.1.2.46 ! Aliphatic (R)-hydroxynitrile lyase. activity	GO:0052919 ! aliphatic (R)-hydroxynitrile lyase activity	2
	GO:0052920 ! (2R)-2-hydroxy-2-methylbutanenitrile lyase activity	
	GO:0052921 ! acetone-cyanohydrin acetone-lyase (cyanide-forming) activity	
EC:1.1.2.7 ! Methanol dehydrogenase (cytochrome c). activity	GO:0052933 ! alcohol dehydrogenase (cytochrome c(L)) activity	2
	GO:0052931 ! ethanol cytochrome-c oxidoreductase activity	
	GO:0052932 ! 2-chloroethanol cytochrome-c oxidoreductase activity	
EC:1.1.2.8 ! Alcohol dehydrogenase (cytochrome c). activity	GO:0052934 ! alcohol dehydrogenase (cytochrome c) activity	2
	GO:0052935 ! ethanol:cytochrome c oxidoreductase activity	
	GO:0052936 ! 2-chloroethanol:cytochrome c oxidoreductase activity	
EC:6.3.2 ! ligases, forming carbon-nitrogen bonds, acid--amino-acid ligases (peptide synthases)	GO:0070735 ! protein-glycine ligase activity	3
	GO:0070736 ! protein-glycine ligase activity, initiating	
	GO:0070737 ! protein-glycine ligase activity, elongating	
	GO:0070738 ! tubulin-glycine ligase activity	
EC:6.3.2 ! ligases, forming carbon-nitrogen bonds, acid--amino-acid ligases (peptide synthases)	GO:0070739 ! protein-glutamic acid ligase activity	2
	GO:0018169 ! ribosomal S6-glutamic acid ligase activity	
	GO:0070740 ! tubulin-glutamic acid ligase activity	
EC:1.14.99	GO:0072374 ! carotene epsilon hydroxylase activity	2
	GO:0009974 ! zeinoxanthin epsilon hydroxylase activity	
	GO:0072373 ! alpha-carotene epsilon hydroxylase activity	
